field_sequence_value, nid
GCCAGGACCAGCGAAAGCAGCGAAAGCAGGGACACUACGGGGGC, 9473964
GCCAGGACCAGCGAAAGCAGCGAAAGCAGGGACACUACGGGGGC, 9473964
GCCAGGACCAGCGAAAGCAGCGAAAGCAGGGACACUACGGGGGC, 9473964
AAAAGGCCUUCGUGCUUCUGCUUCUCCUUUUUGGAGGGCCCCUUUGGGUGCCGCAGGCCCCCUGGUGGUGACCCUUUUGGUGUCCCCCGGCCCUGGUGGUGGUUUUCCCCCCGUCCGUCCCUUUUGGCGUGUGACUUGGUGCCGGGUGGCGCACGGCCUGGGUGGGUGCCCUUUUGGGCCCCCCCGUCCCCCCUUUGGGUGGUGACUGGCGGCC, 9474055
AAAACCCCAACGCCCAACGCGAAGCCGAAAAACGGCCCCGGGAAACCCAGGGCGCGGCCCCCAGCACCACGCGGGAAACCAGCGGGGCGCCCCACGAGCAGCGAAAGCGCCGGCCCGUCCGGAAACGAGUGAGGCAAGGAGGCGGGAGGCGGGCGGCGAGCCACCCACGGGAAAACCCGGGGGGCCCGGCCCCAAAGGGAGCACGGACGCGGGG, 9474055
AAAACCCCAAUCCUCAUACCCAACCCCAAAAAGGGGCCCGGCAAAGCCAGGGGGGUUCCCUCACCACCACCGCCAAAAGGACGGGGGGGGCCCAGGAGCACCGAAAGGGCCCGGGAGUGGCGAAAGUACCUACCCAAGGAGCCGAGAGGAGAGGAGGGAGGGAGGCACCCCAAAAGGGGGCCCCCGGGGGCCCAAAGGGACCACCCACCCGGGG, 9474055
AAAAGUGCAACUAUGAAGAGGAACUAGAAAAACUAGCAGCGGAAACCGACUGCCUCGGCGUCACCAGCACCGGGGAAACCACGGGCGGCGGCCAGGACGAGGAAAACCCGCCCACCGUCAGGAAACUAGUGAGUGAAGGACCGGACAGCCCAUAGGCCAGGCACGGAGGGAGAAAUCCCCCGGCCCGCGCCCCAAAGGGAGCAGCGAGGCGCAC, 9474055
AAAAGCACAAGCAUCAAGGACAAGUACGAAAAGUACGUACUAAAAUAGAUACGUCCGUCCUGACCAUGACUCCCGAAAGGAGAGCAGGGGUCCAGCACGACAGAAAUGCGGCGCCCGUCCGGAAACGCGUGAGGCAAGGAACCCAGAGACGAUGCGCCAGAUAGAUAUAUAGAAAUAUAAUCAUCGAGACCUGAAACAGAGUACUCAGGCGUGC, 9474055
AAAACAUCAACUACCAAGGACAAAAUCGAAAAGAUUGUACUAAAAUAGAUACGUCCGUCAUCAGGAUCAUUCCCGAAAGGAGAAGACCGAGCCAGCACGACAGAAAUGCGGCGCCCGUCCGGAAACGCGUGAGGCAAGGACUCGAUAGACGGUAGGACAAUGAGAUAUAUAGAAAUAUAAUCCAUGUAGAGUAAAAUACAUCAUACAGUCGAUG, 9474055
AAAAGGGCAACACGGAAGGGCAACCCCAAAAAGGGGGGGGCCAAAGGCACCCGCCCGGGGGCACGAGGACCGGGAAAACCACGGCCCGGGACCACGACCACCAAAAGGGGCGGCGCUAGUGGAAACGUCAGACGCAAGGAUCCGCCACCCCCGUGGCCACCCACCCACCCGAAAACGGGGGGGGGGGGGGGGCAAAGCCACCACCCAGGCGCCC, 9474055
AAAAGCCCAACGUCCAAGCUGAACCGGGAAAACCGGGGAAGGAAACCUAUCCCAGCGCAACCACCAUGAGCCGGGAAACCAGGCCAGGGCACCAGGAGUAGGGAAACCACCCCACCGUCCCCUCGGGUGUGAGUGAAGGAUGCGGUAUGCGGACGCCCAGGUAGUGACGGGGAAACCCGCACACCCAGCACGCAAAGCGAUGACUGAGGGGGGC, 9474055
AAAACCGCCCCGGCGAGAAAUCCAUGAGAGGCGGAAAA, 9474084
UUUUGCCCCCCGGCGGUUUUCCCAUGUGUGGGGCUUUU, 9474084
AAAAGCGGGGACCAUCUACGGGGCGUACACCCGCAAAA, 9474084
AAAACCGCCCCGGCGGUUUUCCCAUGAGAGGCGGAAAA, 9474084
AAAAAGGACAGUCGCGAAAGCAAAAGACAGUAGAAAUACAGUACCAAAAAGCCCAGCCCGAAAGGAAAGCAGUAGAAAUACAGGAAGCAAAAAAAAAAAAAAAAAAAA, 9474514
AAAAAGGACAGCCCCAAAAGGAAAAGGCAGCCGAAAGGCAGUACCAAAAAGCGCACCGGGAAACCAAAGGGGAGGAAACUCAGCAAGCAAAAAAAAAAAAAAAAAAAA, 9474514
AAAAAGGCCACUCCCGAAAGGAAAAGAGAGUCGAAAGACAGGACCAAAAAGCCCAGCUCUACGGAAAUGCAGCGGAAACGCAGGAAGCAAAAAAAAAAAAAAAAAAAA, 9474514
AAAAACCCCACCGCGGAAACGAAAACGGAGCGGAAACGCAGGAGGAAAAAGCGCAGGACGAAAGUAAACCAGCCGAAAGGCAGCAAGCAAAAAAAAAAAAAAAAAAAA, 9474514
AAAAGGAGGAGACGCGAAAGCAAAAGUCAGCCGAAAGGCACCAUCGAAAAGCCCAGCCCGAAAGGAAAGCAGACGAAAGUCAGGAAGCAAAAAAAAAAAAAAAAAAAA, 9474514
AAAAAGGCCACGACCGAAAGGAAAAUCGAGACGAAAGUCAGGACCAAAAAGCCCAGCCGGAAACGAAAGCAGUGGAAACACAGGAAGCAAAAAAAAAAAAAAAAAAAA, 9474514
GCGAAAAACCGAAAAAGGAAAAAAGCCAAAAAACCAAAAAAGGAAAAAAGCAAAAAAGCAAAAAAGGCAAAAAGGCAAAAA, 9474548
GCGAAAAACGGAAAAACGAAAAAAGGGAAAAAAGGGAAAAACCAAAAAAGCGGAAAAGCAAAAAACCCAAAAAGGCAAAAA, 9474548
GCGAAAAACGGAAAAACGAAAAAAGCCAAAAAACCAAAAAAGGAAAAAAGGAAAAAACCAAAAAAGGCAAAAAGGCAAAAA, 9474548
GCGAAAAACCGAAAAAGGAAAAAGCCCAAAAAAGGAAAAAACCAAAAAACCAAAAAAGGAAAAAAGGGAAAAAGGCGAAAA, 9474548
GCGAAAAACCGAAAAAGGAAAAAAGCCAAAAAACCAAAAAAGGAAAAAAGGAAAAAACCAAAAAAGGCAAAAAGGCAAAAA, 9474548
GCGAAAAACCGAAAAGGGGAAAAACGGAAAAAGGGGAAAAACCAAAAAAGCGAAAAGGCAAAAAACCGAAAAAGGCAAAAA, 9474548
GCGAAAAAGGGAAAAACCAAAAAAGCCAAAAAACCGAAAAAGGAAAAAAGGGAAAAACCAAAAAAGGCAAAAAGGCAAAAA, 9474548
GCGAAAAAGGGAAAAACCAAAAAAGCCAAAAAAGGGAAAAACCAAAAAACCGAAAAAGGAAAAAAGGCAAAAAGGCAAAAA, 9474548
GCGAAAAACGGUAAAACGAAAAAACCCAAAAAACGGUAAAACGAAAAAAGCGAAAAAGCAAAAAAGGGAAAAAGGCAAAAA, 9474548
GCGAAAAACGGAAAAACGGAAAAAGGGGAAAAAGCGAAAAAGCAAAAAAGGGAAAAACCAAAAAACCCAAAAAGGCAAAAA, 9474548
GCGAAAAAGGGAAAAACCAAAAAAGCCAAAAAAGCGAAAAAGCAAAAAAGGGAAAAACCAAAAAAGGCAAAAAGGCAAAAA, 9474548
GCGAAAAAGGGAAAAACCAAAAAAGCCAAAAAAGGGAAAAACCAAAAAACCGAAAAAGGGAAAACGGCAAAAAGGCGGAAA, 9474548
GGGAGAAUGGAAACAAACUAAGGAGAUCAAAAUGAGACGACGAUAGAAGGACGAAAGGACAGGAGGAAACGACAAAAACCGAAAGGAACGACCAAGGGACAAGUGAAAACAAGUAAGGACAGUAAAAUAUGAGGACGGUACAAGGAGGAAACGACACGACGAAAGGAGAAAAAUGGAAACAAAGGACCAAGCGACAAGUGAAAACAACCAACGAGAACAAAAUGUGACGAGGAUGGAAGGAGGAAACGACACGACGAAAGGAGAAAAAGAGAAAUCAAGGAGCAACCGACAAGCAAAAGCAACAUACGACAGUAAAAUACGAGGAGGAAUGAAGGAGGAAACGACAGGAGGAAACGACAAAAAGUGAAAACAAGGAGG, 9474730
GGAACAAGGGAAACCAAGAUGGGAGAAUAAAAUAUGACGACGAAUCAAGGACGAAAGGACAGGACGAAAGGACAAAAAAGGAAACUAAGGGCCAAGGGACAAGGGAAACCAAGAUAGGAGAAUAAAAUAUGACGACGAAUCAAGGAGGAAACGACAGGACGAAAGGACAAAAAGGGAAACCAAGGACCAAGCGACAAGAGAAAUCAAGUAGGGAGAAUAAAAUAUGACGACGAUACAAGGAGGAAACGACAGGACGAAAGGACAAAAACGGAAACGAAGGAGCAAGCAACAAGGGAAACCAAGAUAAGACACAUAAAAUGGAGGAUGAAUCAAGGACGAAAGGACAGGACGAAAGGACAAAAAGGGAAACCAAGGGGC, 9474730
GCGACAAGAGAAAUCAAGCAAGGAGAAUCAAAGAUAACGACAAUGCAAGGACGAAAGGACAGGAGGAAACGACAAAAAUGGAAACAAAGGAGCAAGAGACAAGCGAAAGCAAGUAACGACAAUCAAAGAUAAGGAGGAUACAAGGAGGAAACGACAGGAGGAAACGACAAAAAGUGAAAACAAGGAUCAAGGGAGAAUGGAAACAAAGUAAGGACAAUCAAAGAUAAGGACAAUACAAGGAGGAAACGACACGACGAAAGGAGAAAAAGAGAAAUCAACGACCAACGGACAAGUGAAAACAAAUCAGGACAUACAAAGUAAAGGACAAGAUAACGACGAAAGGAGAGGACGAAAGGACAAAAAGGGAAACCAAGGACG, 9474730
GCAGCAAGCGAAAGCAACAUAGAGCAGUAAAAUACAGGAGCAGAUGAACGACGAAAGGAGAGGAGGAAACGACAAAAAAGGAAACUAAGAGGCAAGGGACAAUCGAAAGAAACAUGGAGCAGUAAAAUACAGGAGCAAAUGAAGGAGGAAACGACACGACGAAAGGAGAAAAAGUGAAAACAAGGACCAAGGGAGAAAGGAAACUAAGUAAGAGCAGAUAAAAUCAGGAGCAGUACAAGGAGGAAACGACAGGACGAAAGGACAAAAAUGGAAACAAACGACCGACCGACAAGCGAAAGCAAGAUAGAGCAGUAAAAUACGAGAGCAGAUCAAGGAGGAAACGACAGGACGAAAGGACAAAAAGAGAAAUCAAGGAGG, 9474730
GCGACAAGAGAAAUCAACAGAGGACAGUAAAAUAUGAGGACGACUGAAGGACGAAAGGACAGGAGGAAACGACAAAAAGUGAAAACAAGGAGCAAGGGACAAGGGAAACCAAGUCACGACAUAUAAAGUAAGGGAGAGGACAAGGACGAAAGGACAGGACGAAAGGACAAAAAUCGAAAGAAAGGACCAAGGGAGAAGGGAAACCAAGUCAGGACAGUAAAAUAUAGGGACGAGACAAGGACGAAAGGACAGGAGGAAACGACAAAAAGUGAAAACAACGACCAACGGACAAGAGAAAUCAAGACACGACAUAUAAAGUAGAGGAGGAGUCAAGGACGAAAGGACAGGACGAAAGGACAAAAAAGGAAACUAAGGACG, 9474730
AAAAAAGGAAAAAGCUCGAAAAGAGUGAAAAACAAAAAAAAAAAAAAAAAAAAAA, 9475286
AAAAAAGGAAAAAGCCGGAAAACGGUGAAAAACAAAAAAAAAAAAAAAAAAAAAA, 9475286
AAAAAAGGAAAAAGCCCAAAAAGGGUGAAAAACAAAAAAAAAAAAAAAAAAAAAA, 9475286
AAAAAGGGAAAAAUAGGGAAAACCUGGAAAAACGAAAAAAAAAAAAAAAAAAAAA, 9475286
AAAAAAGGAAAAAGUCGGAAAACGAUGAAAAACAAAAAAAAAAAAAAAAAAAAAA, 9475286
AAAAAAGGAAAAAGUACGAAAAGUAUGAAAAACAAAAAAAAAAAAAAAAAAAAAA, 9475286
AAAAAAGGAAAAAGCCCGAAAAGGGUGAAAAACAAAAAAAAAAAAAAAAAAAAAA, 9475286
AAAAAAGGAAAAAGCGGGAAAACCGUGAAAAACAAAAAAAAAAAAAAAAAAAAAA, 9475286
AAAAAAGGAAAAAGUAGGAAAACUAUGAAAAACAAAAAAAAAAAAAAAAAAAAAA, 9475286
AAAAACCGAAAAAGUGCGAAAAGCAUGAAAAAGAAAAAAAAAAAAAAAAAAAAAA, 9475286
AAAAAGGGAAAAAGCCCAAAAAGGGUGAAAAACGAAAAAAAAAAAAAAAAAAAAA, 9475286
AAAAAGGGAAAAAUGGGAAAAACCCGGAAAAACGAAAAAAAAAAAAAAAAAAAAA, 9475286
GGGGGGGGGGGGAUUCGGGGGGCGAGGGGGGGCGGGGGGGGGGGGGGGGGGGGGG, 9475286
AAAAACCGAAAAAGCCCGAAAAGGGUGAAAAAGAAAAAAAAAAAAAAAAAAAAAA, 9475286
AAAAAAGGAAAAAGCGGGAAAACCGUGAAAAACAAAAAAAAAAAAAAAAAAAAAA, 9475286
AAAAACCGAAAAAGUGGGAAAACCAUGAAAAAGAAAAAAAAAAAAAAAAAAAAAA, 9475286
AAAAAGGGAAAAAGCCCGAAAAGGGUGAAAAACGAAAAAAAAAAAAAAAAAAAAA, 9475286
GGAAAGCGGGAAAGCCCGAAACCGGGAAAACGGCCAAAGGGCGAAAGGCCGAACCCGGAAAAGGCCCAAAGCGGCAAAGGCGCAAGCCGCAAAGGCGGAAACGCCGAACCGCGAAAGGCCGAAGGCGGAAGGCCGAAGCCGGAAGGGGCACCGCCAGGGCGCCCGGAAAAACCGGGAAAAACGCCCAAAAAGGCGGAAAAAGCCCCAAAAACCGGCAAAAACGGCCAAAAACCGCCAAAAACGGCCAAAAACGCGGAAAAACGGCGAAAAACCGCCAAAAAGCGGCAAAAAGCGCCAAAAAGCCGCAAAAAGGGCCAAAAACCGGGAAAAACGGCCAAAAACGCCCAAAAAGGCCGAAAAACCCGGAAAAACGGGCAAAAACCCGUGAAACGAAAA, 9475318
GAAAAGCCCCAAACCCCCAAACCCCCAAAACCCCCAAACCCCCAAACCCCCAACCCCCAAAACCCCCAAACCCCCAAACCCCCAACCCCCAAAGGCCCAAACCCCCAACCCCGAAACCCCGAAGGCCCAACCCGGAACCGCCAACCCCGACCCGGACCCCCGGGGGAAAAACCCCCAAAAAGGGGGAAAAACCGGGAAAAACGGGGAAAAAGGCGGAAAAACCGGGAAAAAGGGCCAAAAACGGGGAAAAACGGGGAAAAAGGGGGAAAAAGGGCCAAAAAGGGGGAAAAAGGGGGAAAAAGGGGGAAAAAGGGGGAAAAAGGGGGAAAAAGGGGGAAAAAGGGGGAAAAAGGGGGAAAAAGGGGGAAAAAGGGGGAAAAAGGGGUGAAGCAAAAA, 9475318
GAAAUCUAUAAAAAUUUAAAAUAUAUAAAAUAAAUAAAUAAAUAAAAUUUAAAAUAUAAAAAAUUUAAAAAUAUAAAAAUAUAAAAUAUAAAAAUAUAAAAUAUAUAAUUAUUAAAUUAUUAAUUAUUAACUAUAAAAUAUAAAAUUAUAAUAUAAAUUAAAUAUAGAAAAUAUAUAAAAAUUAAUAAAAAUAUAUAAAAAAUAAUGAAAGUAUAUGAAAGUAUAGGAAAGAAUAAGAAAGAAUAAGAAAGAAUAAGAAAGAUAUAGAAAGUAUAUGAAAGUAUAUGAAAGUAUAUGAAAGUAUAUGAAAGUAAAUGAAAGUAUAUGAAAGUAAAUGAAAGAUUUAGAAAGAUUUAGAAAGAUAUAGAAAGUAAAUGAAAGUAUAGUAAGCGAAAA, 9475318
GAAAAUCCCCAAACCCCGAAACCCCCAAAACCCCCAAAGCCCCAAACCCGGAACCCCCAAAAGGCCGAAACCGGGAAAGCCCCAACCCCCAAACCCCCAAACCCCCAACCCCCAAACCCCGAACCCCCAACCCCCAACCCGGAACCCCCACCCCCACCCCGCCCCCAAAAAGGGGGAAAAACGGGGAAAAAGGGGGAAAAAGGGGGAAAAACCGGGAAAAAGGGGGAAAAAGGGGGAAAAACGGGGAAAAAGGGGGAAAAAGGGGGAAAAAGGGGGAAAAAGGGGGAAAAAGGGGCAAAAACCCGGAAAAACGGCCAAAAAGGGGGAAAAACCGGGAAAAAGGGGCAAAAAGGGGGAAAAAGGGGGAAAAACGGGGAAAAAGGGGAGAAGCGAAAA, 9475318
GGAAAUCUAAAAGAACAAGAGAACAAGAAGAACAAGAGUUCAAGAGAAAAAGGAUUUUAAAGUAAAAGAGAUGAAGAGAGAAAGGAAGAAGAGAAGAAGAGAUGAAGGUUCAGAGGAACAAGGUUGAAGGAAAAAGGUUGUUAAGUGUUGAACAGGAUGAAAAAGAGAAAAUCUUUAAAAAUUCAUAAAAACUGUUAAAAAAACACGAAAGAACAAAAAAAUUUUUAAAAAUUCAAAAAAAUUGUUAAAAACUGAAAAAAAUUCAUAAAAAUUCUUAAAAAUUCUUAAAAAUUUCUAAAAAUUCAUAAAAAUUUUAAAAAGAAAAUAAAAAUUUUUAAAAAUUGAAAAAAAUUGUUAAAAAUUGUUAAAAAUUGUUAAAAGUUAGAGAAACGAAAA, 9475318
GAAAGUGGGGAAAGCCGGAAAGGGCCAAAACCGGGAAAGGGGGAAAGCCCGAAGGGGGAAAACCGGGAAAGGGGGAAAGGGGGAACGGGGAAAGGGGGAAAGGGGGAACCCCGAAAGGGGGAAGGGGGAAGGGCCAAGGGGGAAGGGGGAGCGGCAGGGCGGGGGGAAAAACCCCCAAAAACGCCCAAAAAGCCGCAAAAACCCCCAAAAACCCCCAAAAAGGCCCAAAAACCCCCAAAAACCCCCAAAAACGGGGAAAAACCCCCAAAAACCCCCAAAAACCCCGAAAAACCCCCAAAAACCCCCAAAAACCCGGAAAAACCCCCAAAAACGGGCAAAAACCCCCAAAAACCCGGAAAAAGGCCCAAAAACCGGCAAAAACCCCGGAAGCAAAAA, 9475318
GAAAUCUAUGAAAAUAUAAAAGUAUAAAAAGUAUAAAAGUAUAAAAAUAUGAAAUAUAAAAAAUAUGAAAAUAUAAAAGUAUGAAAUAUGAAAGUAUAAAAAUAUAAAGUAUGAAAAUAUAAAGUAUAAAAUAUGAAAUAUAAAGUAUGAAUAUGAGUAUGAUAUAGAAAAUAUAUGAAAGCAUACGAAAGCAUAUGAAAGCAUACGAAAGUAUAUGAAAGCAUAUGAAAGUAUACGAAAGUAUAUGAAAGCAUACGAAAGUAUAUGAAAGUAUACGAAAGCAUAUGAAAGCAUACGAAAGUAUAUGAAAGCAUAUGAAAGUAUAUGAAAGCAUAUGAAAGUAUACGAAAGUAUACGAAAGUAUACGAAAGUAUAUGAAAGCAUAGUAAGCGAAAA, 9475318
GGAAAAAUUAAAAUAAAUGAAAUUUUGAAAUAAAUGAAAUUUCGAAUAAAUGACUUUAGAAAUAAAUGAAAUUUAGAAUAAACAAAUUUAGAACAAAUGAAAUUUAGACAAAUAAAAUUUAGAUAAACGAAUUUAGAUAUAUGAAUUUGAUAGAUAAUGUGAAAAUGAAAAAUUUUGAAAGCACAUGAAAGAUCUAGAAAGCAAAUGAAAAAUAUAGAAAAUAAAUGAAAAGUUUAGAAAAUAAAUGAAAGAUUUGGAAAAUAAAUGAAAAAUUUGGAAAAUAAAUGAAAGGUUUAGAAAAUAAAUGAAAAAUUUAGAAAAUAAAGGAAAAAUUUAGAAAAGAAAUGAAAAAUUUAGAAAAAAAAUGAAAAAUUUAGAAAGUAAUUGAAACAAAAA, 9475318
GGAAAUGGGCAAAGGCCCAAACGGCCAAAAGGCCCAAACGCCCAAAGGCCGAACCGGCAAAACGGGGAAAGCCCCAAAGGGCGAAGGGCCAAAGGGCCAAACGGGGAAGGGCGAAACCGGGAACGGCCAACGGCCAACGGGCAAGGGGGAGCGGGAGCGGGGCCCGAAAAACGGGCAAAAACCCGCAAAAACCCGCAAAAACCCCCAAAAAGCCCGAAAAAGGCCGAAAAAGGCCGAAAAACCCGGAAAAACGCCCAAAAACCCCGAAAAAGGCCCAAAAAGGCCCAAAAACGCCCAAAAAGGGGCAAAAACCCCGAAAAAGCCGGAAAAACGGCCAAAAAGGGCGAAAAAGGGCCAAAAAGGCCGAAAAAGGGCCAAAAAGCCCAGAAACAAAAA, 9475318
GGAAAUUAUCAAGCAUAGAAGGUAUCAAAAGAAUCAAAGAUACAAAGAUAGAAGUAUGAAAAGAUAGAAAGUAUGAAAGAUAGAAGAUAGAAACUAUGAAACAUAGAACUAUGAAAGAUAGAAGUAUGAAGAUAGAAGAUAGAAGUAUGAGAUACACAUAGCUAUAAAAAAUAUAGAAAAACUAUGAAAAAGUAUCAAAAACAUACAAAAACUAUCAAAAACUAUCAAAAACAUACAAAAACUAUCAAAAACAUAGAAAAACUAUGAAAAACAUAGAAAAACUAUCAAAAACUAUCAAAAACAUACAAAAACUAUCAAAAACAUACAAAAACUAUCAAAAAGUAUCAAAAAGAUUCAAAAAGAUACAAAAGCUAUGAAAAGGAUAGGAAACAAAAA, 9475318
GGAAAAGGGGAAACCCGGAAAGGGGGAAAAGGGGGAAAGGCGGAAACCCCCAAGGGGGAAAAGCCCCAAACGGGGAAAGGGGGAAGGGGGAAAGGGCCAAACCCCCAAGGGGGAAAGGGGGAAGCCGGAAGGGGGAAGGGGGAAGGCCCACCCCCACCCCCCCCCCAAAAAGGGGGAAAAAGGGGGAAAAAGGGGGAAAAAGGGCCAAAAACCCCCAAAAACCCCCAAAAACCGGCAAAAACCCCCAAAAACCCCCAAAAAGGGGGAAAAAGGCCCAAAAACCCCCAAAAACCCCCAAAAACCCCGAAAAAGGGGCAAAAACCCCCAAAAAGGGGGAAAAACCGCCAAAAACCCCCAAAAACCCCCAAAAACCGGGAAAAACCCCUGAAACAAAAA, 9475318
GGAAAUGCCCAAACCCGGAAAGGGGGAAAAGGGGGAAAGGCCCAAACCCCGAACCCCGAAAAGGGGGAAAGGCGGAAACCCCGAACCCGGAAACGGGGAAAGGCCGAAGGGGGAAAGGCCGAAGGGGGAACCCCCAACCCCGAAGGGGGACGGGGACGCCGGGGGCGAAAAGCCCCAAAAACGGCGGAAAGCCCCGGAAAGCCCCCGAAAGCGGGGAAAAAGGGGGAAAAACCCCCAAAAACGGCCAAAAACCCCCAAAAACGGCCAAAAACCCCGAAAAACCGGGAAAAACGGGGAAAAACCGCCAAAAACCCCCAAAAACGGGGAAAAACGGGGAAAAAGGGCCAAAAACCCCCAAAAACCCCCAAAAACCGGGAAAAAGGGCAGAAACAAAAA, 9475318
GGAAUUGGCCAAACCCCGAAACCGCGAAAAGCCGGAAAGGGCGAAAGCCCCAAGCCCGAAAACCCCGAAACCCGGAAAGGGCCAAGGCGGAAAGCCCGAAACGGGGAAGGGCCAAAGGGCCAAGCCCGAAGGGGGAAGGGGGAAGGCCGAGCGCCAGCGGGGGGGGAAAAACCCCCAAAAACCCGCAAAAAGGCGCAAAAACGGCCAAAAACCCCCAAAAACCCCCAAAAACGGGCAAAAAGGCCCAAAAAGGCCCAAAAACCCCGAAAAACGGGCAAAAACCGCCAAAAAGGCCCAAAAACCGGGAAAAACGGGGAAAAACGGGCAAAAAGGGGCAAAAACGCCCAAAAACCGGCAAAAACGCGGAAAAACGGGGAAAAAGGCCGUAAACAAAAA, 9475318
GAAAUAGACUAAGAGUCUAAGAGACUAAAGAGACUAAGAGACUAAGAGACUAGAGACUAAAGAGUCUAAGAGACUAAGAGACUAGAGACUAAGAGACUAAGAGACUAGAGACUAAGAGACUAGAGCCUAGAGUCUAGAGACUAGAGCCUAAGUCUAAGACCAGACUGAAAAAGUCUAAAAAGGUCUGAAAGAGACUGAAAGAGGCUAAAAGAGUCUAAAAGAGACUAAAAGAGGCUAAAAGAGUCUAAAAGAGUCUAAAAGAGUCUAAAAGAGUCUAAAAGAGUCUAAAAGAGUCUAAAAGAGUCUAAAAGAGACUAAAAGAGUCUAAAAGAGUCUAAAAGAGUCUAAAAGAGUCUAAAAGAGUCUAAAAGAGACUAAAAGAGUCUUAAGCAAAAA, 9475318
GCGAAAGCAAGGAGCGAAGGACGGGACGAACCCAGCCAAAGCCCGAAAGGGCAGCCCCGUCCCCCGUGUCCCGUGUCGGGUGUCCGCCCGGUGCCCCCAUGGCCAUGCGUCCCGGAGCGCAAAGCGCACGGUGUGCGGUGCCGGUGGGGCCAUGGGCGGGUCCCCGGUCCGGGGUCCGGGGUGUGGGGCAGGCAAAGCGAGGCCCGCGAUGCCGCGAUGGCGCGAUGCCGCGAUGUUGCGUCCCCCGUCCCCGUCCCGGGUGGCACGGGGGGAAACCCCCGGAGCCCAUCGGUGUGGGUGUGGGGUGUGCAACGAGAGGGCGAGAGGCCGAGAGGGCGAGAGGGGCCAGGCCGAAAGGCCAAACGCAGGGGAAGGACGGGACGAAGGAACAAGGGAAACC, 9477077
GCGAAAGCAGGGAGCGAAGAGGGCAGGAAGGAGAGGCAAAAUUAGAAAUAAUACACGUGCGUGGUGCGUUCGGCGUUGGGCGUGGGUGGCCAUGGUCCAUUACCAUUUGCGUGAGGUAUCAAAGAUAAUCGUCCAAGGCGUAGGCGACCGGCGCCACCCGUCCCCAGUCCCGAGUCCACCGUCCACGUGAGCCAAAGUCAGGAUGAGGAGGCGAGGAGGAGAGGAGCGGAGGAGUGCCCGCGUUGGGCGUAUGCGUUUCCAUCGAUAUAUAGAAAUAUAUAGGCGGGCGAAGUCCAUGUCCCCAGUCCGGGCACACGAUCGCACGAUUCCACGAUGCCACGAUAUCCAAUAUGAAAAUAUAAAGACACUCAAGCAGGGCAGCGAAGGAACGAGGGAAACC, 9477077
GGGAAACCAAGGAAGGAAGGACGGGACGAACCCAGGCAAACCAGGAAACUGGAGCUGCGUCCUCCGUCCGGGGUCCGGGGUCCGGGGGGGGCGCGGGGCGGUGGCGCCGUCCGGAAGCCCAAAGGGCACCGUGUGGCCAUACCCAUCCGCCAUCCCCCCGUGUCCCGUGUCCCGUGUGGAGUGUGCAGCAGCCAAAGCCAGUCUCGCGAUGGCGCGAUGUCGCGAUCUCGCGAUUCCACGUCCGGCGUCCGGGUGUGGGGCGGCAGGGGCCAAAAGGCCCCAAGCCCAUCCGUCCCCGCGUGCCGCGUGUGGAGAGAGGAGGAGAGGACGAGAGGCCGAGAGGAGACACGGGGAAACCCGAAAGGCAGGGGAAGGACGGGACGAACGAACAAGCGAAAGC, 9477077
GCGAAAGCAAGGAAGGAAGAGGGGAGCAAGGGGACGCAAACGGGGAAACCCGAGUGGUGUCCGGUGUCCAGCGUCCACCGUCCCCCCGGCCAUAGGCCAUGGCCAUGUGUCCGGAAGGGCAAAGCCCACCGAGUACGGUGCCGGUGCCUGGUGCCGGGGGAGUGGUGAGUGCUGAGUACCGAGUACCACAGCGAAAGGGACGCGCGCGAUUACGCGAUGCCGCGAUCUCGCGAUUGGGGGUCCGGGGUCCCGGUCCACCCAUACACCCCCCAAAAGGGGGGAAGUGGUGGUGAGUCGGAGUCCCGAGUCCCCAGAGAGGAGGAGAGGGCGAGAGGUAGAGAGGCGCGACGGGGAAACCCGAAACCCACCCAAGGAACGCAACGAACGAACAACCGAAAGG, 9477077
AAAAAAAGGGCAGCGCAGCGAGCGGAAACGCAGCCACGAGAAAUCGAGCCACCCGAAAGGGAGCCAGCCGAAAGGCAGCCGAAAAAGGCAGGCAGGCAGGCACGCAGGAAACAGCGCAGACCAAACCCAGGCGAAGCGAAAGCGAAAAAAAGCCACCCACCCGAAAGGGCCAGAAAUGGGGCGAAAGCCGGGAGGGAAAGAGCAGGAAACAGCGAGGGAGCGAGGCAGCAAAAGGCGAAAGCCAUGCAGUCGAAAGACAGCCAGCGGAAACGCACGCAGGAGAAAUCCACCCAGCCGCCGAAAGGCCUCGAAAGAGACCCGAAAGGGGGCACGCAGCUCAAAGGUCAGCCCAAAAAAA, 9477174
AAAAAAACCCCAGGCCAGGGAGCGGAAACGCAGGGAGCCGAAAGGCAGCGACGCGAAAGCGAGCCAGCGGAAACGCACCGAAAAAACGGAGGCACGCACCCACCCAGGAAACAGGCCACGGCAAAGCGACCCGAAGCGAAAGCGAAAAAAAGGGAGCCAGCGGAAACGCGCGGAAACGCGGCGAAAGCCGGCACGCAAAGCCCACUACGGAGCCACCCACCGAGCGACCCAAACGCGAAAGCGAGGGAGCGGAAACGCACGCACCCGAAAGGGACGGAGCGGAAACGCAGGGAGCCGCCGAAAGGCGCGGAAACGCAGGCGAAAGCCGGCAGGCAGGGCAAAGCCGAGGGGAAAAAAA, 9477174
AAAAAAAGGCCAGAUCAGCCAGGGAAAACCCAGUCAGGCGAAAGCCAGCCACGGGAAACCGAGCCAGCCAAAAGGCAGUGGAAAAACACAGGCAGGCAGACAGGCAGGAAACAGAUCACCCCAAAGCCAGUGAAAGCGAAAGCGAAAAAAGCACACCCACAGGAAACUGCCCGAAAGGGCUCGAAAGAGGGGAGGCAAAGAUCAGGAAACAGCGAGCGAGGGAGACAGGGAAACGGAAAACCGACCCAGCCGAAAGGCAGUCAGGGAAAACCCACCCAGGCAAAAGCCACGCAGCCGACGAAAGUCCCGGAAACGGACCGGAAACGGGGCACGCAGAUCAAAGGGGAGGCCAAAAAAA, 9477174
AAAAAAAGACCAGCACAGCCAGCCGAAAGGCAGUCAGGGGAAACCCAGUCAGUGGAAACACAGCCACCCGAAAGGGAGGGGAAAAACCCAGGCAGACAGACAGGCAGGAAACAGUGCAGUGCAAACCGAGCCGAAGCGAAAGCGAAAAAAAGGCAGUCAGCGGAAACGCGUCGAAAGACGGGGAAACCCGACACGGAAAGAUCACUACGGAGCCAGUCACCCACCCAGUCAAAUGGGAAACCAAGACAGCCGAAAGGCAGGGAGAGGAAACUCAGGGAGAGGAAACUCAGACAGACGCGGAAACGCGCCGAAAGGCAGUCGAAAGACGUCAGGCAGAUCAAAGCACAGGUCAAAAAAA, 9477174
AAAAAGGACCAGCAAAGCAGCGAAAGCAAAGGCCAGGAGGAGCAAAGCACCGAAAGGAAACCCCAAAAA, 9477391
AAAAAGGACCAGCAAAGCACGGAAACGAAAGGCCAGGAGGAGCAAAGCAGGGAAACCAAACCCCAAAAA, 9477391
AAAAACCACCAGGAAACCAGCAAAAGCAAAGGGGAGGACGAGCAAAGCACCAAAAGGAAACGCCAAAAA, 9477391
AAAAAGCACGAGGAAACCAGGGAAACCAAACGGCACCACCAGCAAAGCAGCGAAAGCAAAGGGGAAAAA, 9477391
AAAAAGGACCAGGAAACCACCGAAAGGAAAGGCCAGGAGGAGCAAAGCACGGAAACGAAACCCCAAAAA, 9477391
AAAAAGCAGCAGGAAACCACCGAAAGGAAAGCGCAGGAGCAGGAAACCACCGAAAGGAAAGCCCAAAAA, 9477391
AAAAAGGACCAGGAAACCACCGAAAGGAAAGGCCAGCAGCAGGAAACCACCGAAAGGAAAGCGCAAAAA, 9477391
AAAAAGCAGCAGGAAACCACCGAAAGGAAAGCGCACCACCAGGAAACCAGGGAAACCAAAGGGGAAAAA, 9477391
AAAAACCACCAGCAAAGCACCAAAAGGAAAGGGGAGCACGAGGAAACCAGCAAAAGCAAACGGCAAAAA, 9477391
AAAAAGGACCAGCAAAGCACCGAAAGGAAAGGCCAGCAGCACCAAAGGAGGGAAACCAAAGCGCAAAAA, 9477391
AAAAACCACCAGGAAACCAGGGAAACCAAAGGGGAGGACGAGCAAAGCAGGGAAACCAAACGCCAAAAA, 9477391
GGGACGCGACGCCGACCAAAAGCGACCCCGAAAGGAAAAGGGAGCGGGAGGAAAACGGAGCGCGAGCAAGGGACGCGGAGGAAAAGGGAGCGCGACGAAAACCGAAAGGCGGAGCAAAAGCGACCCCGACGGCGACCAACGGAAACGGCGACCCCGACCAAAAGCGACCCCGAAAGGAAAAGGGAGCGGGAGGAAAAGGGAGCGGGAGCAACGGACCGGGACCAAAAGCGAGGCGGAGGAAAAGCGAAAGCCCGACGAAAACCGAGCGGGACCGCGAGCAAGGACC, 9477446
GGGACGUAGGAAGGAGGAAAAUGAGCAGCGAAAGCAAAAUGAGCACCAACUAAAAUCAGACCUAACCAAUCAACCGGGACCAAAACCAAUCCGAGGAAAAAUCGAAAGAUCAGCGAAAAGAGGGGGGGACCGCGAGUAACCGAAAGGCCAGCAAGGACGAAAACCAGCAACGAAAGUAAAAUGAGGGCGGACUAAAAUGAGGGACGAGCAAGGGGGAGCGACUAAAAGGAGACAGAGGCAAAAUGGAAACAGCAACUAAAAGUAGCCAGGAGCGGGGAGAAGGACC, 9477446
GGGACUCGACCGCGACCAAAACGGAGCGCGAAAGCAAAAGCGACGGGGAGCAAAAGGGAGAGGGAGCAACGGAGGGCGACCAAAAGCGAGGCGGAUGAAAAGGGAAACCCAGACGAAAACCGAGCGGGAGCGGGACCAACCGAAAGGCGGACGGGGAGCAAAAGCGAGGCGGAAACGAAAACCGAGCGCGACCAAAACGGACGGGGACCAACCGACGGCGAGGAAAACCGAGGGGGACGAAAACGGAAACGCGGACCAAAACCGAGGCCGAGCGCGACCAAGGACC, 9477446
AAAAAAAGCACCAGGAAAACCAGCAAAGCAAAGGGCAGGAGGAGGGAAACCAGCAAAGCAAACCCCAGGACCACGGAAACGAGCAAAGCAAAGGCCACAAAAA, 9477795
AAAAAAAGGAGGAGCGAAAGCAGGAAACCAAACCCCAGGACCACGGAAACGAGCAAAGCAAAGGCCAGCACCAGGGAAACCAGCAAAGCAAAGGGCAAAAAAA, 9477795
AAAAAAAGGAGGAGGGAAACCAGCAAAGCAAGCCCCAGGAGCACCGAAAGGAGGAAACCAAAGCCCAGCAGCACCGAAAGGAGGAAACCAAAGCGCAAAAAAA, 9477795
AAAAAAAGGACCACGGAAACGAGCAAAGCAAAGGCCAGGACGACCAAAAGGAGCAAAGCAAACGCCAGGAGGAGGAAAACCAGCAAAGCAAACCCCAAAAAAA, 9477795
AAAAAAAGGACCAGGGAAACCAGCAAAGCAAAGGCCAGGAGGAGGAAAACCAGCAAAGCAAACCCCAGCACCAGGAAAUCCAGCAAAGCAAAGGGCAAAAAAA, 9477795
AAAAAAAGGAGCAGCGAAAGCAGGAAACCAAAGCCCAGGAGGACCGAAAGGAGCAAAGCAAACCCCACGAGCAGCGAAAGCAGGAAACCAAAGCCGAAAAAAA, 9477795
AAAAAAAGGAGCAGCGAAAGCAGGAAACCAAAGCCCAGGAGGACGGAAACGAGCAAAGCAAACCCCACGAGCAGCGAAAGCAGGAAACCAAAGCCGAAAAAAA, 9477795
AAAAGCGGGGGUAAAACCAACAAAAAAAAAAAAAAAAAAAGAAGGGAAAGCAAAAGCAAAGGAAAACCAAAAAAAACCCAAAAAAAGGACCCCCGCAAAA, 9478545
AAAAGCGCCGCUUAAAGGGAGGAAAAAAAAAAAAAAAAAACAAGGCGAAGCAAAAGCAAACGAAAACGAAAAAAAGGCCAAAAAAACCGGCGGCGCAAAA, 9478545
AAAAGUAUAUAUAAAACCAACAAAAAAAAAAAAAAAAAACGAAGCGAAACAAAAAUGAAACAAAAAUGAAAAAAAACGCGAAAAAAGGAUAUAUACAAAA, 9478545
AAAAGUAAUUAGAAAAGCAAGGAAAAAAAAAAAAAAAAAACAAGCGAAAGCGAAAGCAAAGCGAAAGCAAAAAAAACGCAAAAAAAGCCUAAUUACAAAA, 9478545
AAAGAUAUAUACGAAACCACGAAAAAAAAAAAAAAAAAAACAAGCCAAACUGAAAAGGAAGAGAAAUCAAAAAAAAGGCAAAAAACGGGUAUAUAUAAAA, 9478545
AAAAGGGGGGGGAAAAGCAAGAAAAAAAAAAAAAAAAAAACAAGGGAAAGGAAAACCAAAGGAAAACCAAAAAAAACCCAAAAAAAGCCCCCCCCCAAAA, 9478545
AAAAGGGGGGGGAAAACCAACAAAAAAAAAAAAAAAAAAAGAACCCAAACCAAAAGGAAACCAAAAGGAAAAAAAAGGGAAAAAAAGGCCCCCCCCAAAA, 9478545
AAAAGGCCCCCUAAAAGGAAGGAAAAAAAAAAAAAAAAAACAAGGGAAAGCAAAAGCAAAGCAAAAGCAAAAAAAACCCAAAAAAACCAGGGGGCCAAAA, 9478545
AAAAGCGCGCGCCAAAGCAAGGAAAAAAAAAAAAAAAAAACAAGCGAAAGCGAAAGCAAAGCGAAAGCAAAAAAAACGCAAAAAAAGCGCGCGCGCAAAA, 9478545
GGGACCCCCAAAAAAAACGCCGACCGCAAAAAGGAAACAGGGGGCCCAAAAAAAAAGGGAAAAAGGGGGAAAACCCCGAAAAACCAAAGCAGCCAAAAAAAGGACGAAAAAGGACAACCAGCCAAAAACCGAAAGGAGGCCAAAAAGGGGAAAAGGAGGGGAAACGCCGACGAAAACCCAGGGGAAGGAAAAAAGGGAGGGGAAACCGCGACAAAAAAGCAAGCCCCAAAAAAAAGGCCAAAAACGGGGGAAACCCCCGAGGAGGGAAAAAAAAAAAGGAGGCAAAAAAAAAGGACCGCGAAAGCGCCCCCAAAAACGAAAAAAAGGAAAGGGGGGCAAGGGACAAAGGGCCCCCAAAAAAAAGGGGGAGGGGAAAAAGGAAAAAACAGGGGGGACCA, 9478613
UGGAGUGUCAAAAAAAAGGUAGGGCGCAAAAAGGAAACAGUGGUACAAAAAAAAAAGUAAAAAGAUUUGAAAAGAGUAAAAAGGCAAAGAGACUAAAAAAACGACGAAAAAGGAGAAGUGACCAAAAAACGAAAGUAGAGCAAAAAGUAGAAAAAGAUCGCAAAGGGAGAUGAAAAUAUAGGUUGAAGGAAAAAAGGGGGGCAAAGUGUAACGAAAAAACGAAGAUCAUAAAAAAGCUUAAAAAGUGUAUAAAGUAUAUAGGGAACAAAAAAAAAAAGGGAUCAAAAAAAAAGGAGCGGGAAACCGGGGUUAAAAGGGAAAAAAGUGAAAGGACCCCUAGCGACAAAUGUACCAUAAAAAAAAGGGCAAUAGCAAAAAGGAAAAAACAGACAUGAUAA, 9478613
GUGAUAUAUAAAAAAAAGGUAGAACGCAAAAAGGAAACAGUUAUGAUAAAAAAAAAGCAAAAAGGUUUGAAAAGGACAAAAAGGCAAAGGGACGAAAAAAAGGACGAAAAAGGACAAGGGACAAAAAGGCGAAAGCGCUGCAAAAAGGCAAAAGGGAGUGCAAAGGAUGACAAAAGGCUAGUGGAAGCAAAAAAAGGAGGAUAAAGUGUGACGAAAAAGGAAGCCAUAAAAAAAAGCAGAAAAAGGUAUUAAAGAUAUUAUGGACUAAAAAAAAAAACGGACCAAAAAAAAAGGACCGCGAAAGCGAUUGGAAAAGGGAAAAAAACAAAAGCCAAUCAAGGGACAAAAUUAUGAUAAAAAAAAGGGUGAUAGCAAAAAGGAAAAAACAAUAUAGAACA, 9478613
GGGACGCGGAAAAAAAAGGCGGACCGGAAAAAGGAAACAGGGGGGGGAAAAAAAAAGGGAAAAAGGGCAAAAAGCCCGAAAAACCAAACCAGGCAAAAAAACGACAAAAAAGGAGAAGGAAGCAAAAACCAAAAGGACCCCAAAAACCCGAAAACGACCGCAAAGGGGGAGGAAAAGGGAGCCCGAAGGAAAAAAGGAGGGGAAACCGCGACGAAAAAACGAAGGGCAAAAAAAAGGGGAAAAAGCGGCCAAAGGCCGCAGCAACCAAAAAAAAAAAGCAGGGAAAAAAAAAGGAGGGGGAAACCGGGCGGGAAAAGGAAAAAAACGAAAACCGCCCAACCGACAAACCCCCCCCAAAAAAAACGGGGACGGCAAAAAGGAAAAAACACCGCGGACCA, 9478613
GAGCCAAGCCCGAAAAGCCCCAAAAAAGGGGCCGGGCGCCGAAAGCGCAAAAAGCGCCGGCCCGAAGGCAAAAGCCCGGAGGCAAAGCCGAAAGCCCAAAAAAGGGCCGGCGGGAAGGCAAAAAGCCCCCGGAGGAAAACCCCAGCGCAAAAGGGAAGCCAAAAAAGGCCCCGGAGCAAAAAGCCCGCCAAAAGGCAGGCCCAAAAACGAGCAAAAAAGCCGCCCAAAAAGGGGGAAAACCAGCGCGCAAAAAACCCAAAAAAGGGGCAAAAAGCAAAGCGCCCCAAAGGGGCGCAAAAAAAGCGCGCAAAAAAGGGCCAAAAAGCGCAAAAGCCAAAGGUGACAAAGGCGAGGGCAAAACCGAAAGGGGAAAACCGCCCCCAAAGGGGGCAGCCCCGGC, 9480251
GAGCCAAGCCCCAAAAUCCGGAAAAAACCGGAGGGGCCCGCAAACCCCAAAAAGGGGGCGGGGGAAUCCAAAAGGACCCAGGCAAACCCGAAACGGCAAAAAAGCCGCGGGCGCAAGCCAAAAAGGCGCGGGACCAAAAGGCCAGCCCAAAAGGCAACGCAAAAAAGCGGCCCCAGGAAAAACCGGGCCAAAAGGCAGGGGGAAAAAGGAGGAAAAAACCCCCCCAAAAAGGGCCAAAAGGACCGGGGAAAAAAGGCAAAAAAGCCGCAAAAAGCAAACGGGGGCAAAGCCCCCGAAAAAAACCCCGGAAAAAACCCCCAAAAAGGGCAAAAGCCAAAGGUGACAAAGGGGAGGGCAAAAGGAAAACCGCAAAAGCCCGCCGAAACGGCGGAGCCCCCGC, 9480251
GAGGCAACGGGUAAAAUCCGGGAAAAACCGGAACCCGGCCUAAAUGGGGAAAACCCAAGGCGGGAACCCGAAAGGGCCCAGCGAAACGGCAAAGCCCGAAAAAGGGCGCCGCGGAACGCGAAAAGCGCCGCCAGGGAAACCGGAGGGGAAAAGGUAAUCGGAAAAACGAACCGGAGCGAAAAGCCCCGCGAAAGCGAGGGGGAAAAACGAGGGAAAAACCCGGGCGAAAAGCCGGGAAACCAGCCCCCAAAAAACGGGAAAAACCGGGGAAAACCAAACCCGCCCAAAGGGCGGGAAAAAAAGGGGGCAAAAAACCCCCAAAAACCCCAAAACGCAAAGCUGACAAAGGGGAGGGGAAAACGGAAACGGGGAAACCGGGCGCAAAGCGCCCACCCCCCGC, 9480251
AAAAAGAACAGGAAGACAUCGGAGCCAGGGCGUAGCGUGAUGGAAACAUGGUCCUACCAUGUGGCAAAACGGAUGACGAACAGUUCAAAAAAAAAAAAAAAAAAAA, 9482571
AAAAAAUAUGAAAGUGAUAUGGGGUACGGGUGAAUAGUGUAUGAAAAUAGGUCAUUCCAUGGUACAAAACGAUAUGAAAGUGAUAUAAAAAAAAAAAAAAAAAAAA, 9482571
AAAAAGGCGGCAAGCGCCCCGCAGCCAGGGCGGUGUCCGCAGGAAACUGGGCGUACCCAUGUGGCAAAAGGGGGGGGAAGGGCGCCAAAAAAAAAAAAAAAAAAAA, 9482571
AAAAAGGGCGCGAACGGGAGGGAGACCGGGCGUCGUCCGGCGGAAACGCGGCGUGACCAUGGGUCAAAACGCUCCGGGAAGGGCCCAAAAAAAAAAAAAAAAAAAA, 9482571
CCCACCCUGGGGCUGGUUCUGUGUUCCUCCGUCCGUCCUUUUGUGUGUGUGGUGUGUUCCUUGCCAGCCUGCACGUUGUGUUCCUCCGUCCCGGUGAGUGUGGUCCUUUUGUGUCGUCCUCCAUGGUGUGGUGUGUUCCUUCGGUUUUCCUUGUGCGGGGGCUAGUUUCUAGCUGCAACUUUGUUGCGUCCUCGGUCUCCCCUCCAGUGUGCUGCUGUUUCCCCCCCUUUGGGGGGGUGGUCCUUUGGACCCAGCGGGUGCCUUUGGCACCCUGGCGGUUUCCGCCGCACGGUCUUGCUUUUGCGUUCGCUCUUCUGUCUGUCCUGUCCUUUUGUGUAGUGUAGUCCUGUUGUCGUUCGACCUGGUGGGA, 9597797
GCAAAAAAGCGAAAAAGCAAAAAAGAUAAAAAAGCGAAAAAGCAAAAAAGCGAAAAAGCAAAAAAAUCAAAAAAGCAAAAA, 9707779
GGAAAAAACCAAAAAAGGAAAAAACCCAAAAAACGAAAAAACGAAAAAAGGAAAAAACCAAAAAAGGGAAAAAACCAAAAA, 9707779
GGAAAAAAGGAAAAAACCAAAAAACCCAAAAAACCAAAAAAGGAAAAAACCAAAAAAGGAAAAAAGGGAAAAAACCAAAAA, 9707779
GCAAAAAAGCAAAAAAGCAAAAAAGCCAAAAAAGCAAAAAAGCAAAAAAGCAAAAAAGCAAAAAAGGCAAAAAAGCAAAAA, 9707779
GCAAAAAAGCAAAAAAGCAAAAAAGCCAAAAAACCAAAAAAGGAAAAAAGCAAAAAAGCAAAAAAGGCAAAAAAGCAAAAA, 9707779
GCAAAAAAACGAAAAAGUAAAAAAGUCAAAAAAUGGAAAAACAAAAAAAUAGAAAAAUAAAAAAAGACAAAAAAGCAAAAA, 9707779
GCAAAAAAGCAAAAAAGCAAAAAAGGCAAAAAAGCAAAAAAGCAAAAAAGCAAAAAAGCAAAAAAGCCAAAAAAGCAAAAA, 9707779
GCAAAAAACCGAAAAAGGAAAAAAAUCAAAAAAGCGAAAAAGCAAAAAACGGAAAAACGAAAAAAGAUAAAAAAGCAAAAA, 9707779
GCAAAAAAGCAAAAAAGCAAAAAAGACAAAAAAGCAAAAAAGCAAAAAAGCAAAAAAGCAAAAAAGUCAAAAAAGCAAAAA, 9707779
CGAAAAAACGGAAAAACGAAAAAACACAAAAAACAGAAAAAUGAAAAAAUAGAAAAAUAAAAAAAGUGAAAAAACGAAAAA, 9707779
CCAAAAAACCGAAAAAGGAAAAAAACUAAAAAAACGAAAAAGUAAAAAAGCGAAAAAGCAAAAAAAGUAAAAAAGGAAAAA, 9707779
GGAAAAAAGGAAAAAACCAAAAAACCCAAAAAAGGAAAAAACCAAAAAACCAAAAAAGGAAAAAAGGGAAAAAACCAAAAA, 9707779
GCAAAAAAGCAAAAAAGCAAAAAACUGAAAAAACGAAAAAACGAAAAAACGAAAAAACGAAAAAACAGAAAAAAGCAAAAA, 9707779
CCAAAAAAGGGAAAAACCAAAAAAGAGAAAAAAGAGAAAAAUCAAAAAAUAGAAAAAUAAAAAAGCUCAAAAAAGGAAAAA, 9707779
GCAAAAAAGCGAAAAAGCAAAAAACUGAAAAAACUGAAAAAAGAAAAAAUAGAAAAAUAAAAAAACAGAAAAAAGCGAAAA, 9707779
GCAAAAAACGAAAAAACGAAAAAAGGCAAAAAACCAAAAAAGGAAAAAACGAAAAAACGAAAAAAGCCAAAAAAGCAAAAA, 9707779
CCAAAAAACCAAAAAAGGAAAAAAGGGAAAAAAGGAAAAAACCAAAAAAGGAAAAAACCAAAAAACCCAAAAAAGGAAAAA, 9707779
CCAAAAAACCAAAAAAGGAAAAAAGCCAAAAAACGAAAAAACGAAAAAAGCAAAAAAGCAAAAAAGGCAAAAAAGGAAAAA, 9707779
CCAAAAAACGAAAAAACGAAAAAAGGCAAAAAAGCAAAAAAGCAAAAAACCAAAAAAGGAAAAAAGCCAAAAAAGGAAAAA, 9707779
GCAAAAAAGCAAAAAAGCAAAAAAGUCAAAAAACGAAAAAACGAAAAAACGAAAAAACGAAAAAAGACAAAAAAGCAAAAA, 9707779
GCAAAAAAGUAAAAAAACAAAAAAGUCAAAAAAGCGAAAAAGCAAAAAACGGAAAAACGAAAAAAGACAAAAAAGCAAAAA, 9707779
GCAAAAAAGCAAAAAAGCAAAAAAGGCAAAAAAGCAAAAAAGCAAAAAAGCAAAAAAGCAAAAAAGCCAAAAAAGCAAAAA, 9707779
CCAAAAAAGGAAAAAACCAAAAAACCCAAAAAACCAAAAAAGGAAAAAACCAAAAAAGGAAAAAAGGGAAAAAAGGAAAAA, 9707779
GCAAAAAAGCAAAAAAGCAAAAAACGCAAAAAACCAAAAAAGGAAAAAAAGAAAAAACUAAAAAAGCGAAAAAAGCAAAAA, 9707779
GGAAAAAAGGAAAAAACCAAAAAAGGGAAAAAAGGAAAAAACCAAAAAAGGAAAAAACCAAAAAACCCAAAAAACCAAAAA, 9707779
GCAAAAAAGCGAAAAAGCAAAAAACCGAAAAAACGGAAAAACGAAAAAAGCGAAAAAGCAAAAAACGGAAAAAAGCAAAAA, 9707779
CCAAAAAAGGAAAAAACCAAAAAAGGGAAAAAAGGAAAAAACCAAAAAAGGAAAAAACCAAAAAACCCAAAAAAGGAAAAA, 9707779
CCAAAAAAGGAAAAAACCAAAAAACCCAAAAAAGGAAAAAACCAAAAAAGGAAAAAACCAAAAAAGGGAAAAAAGGAAAAA, 9707779
CGAAAAAACGAAAAAACGAAAAAACGCAAAAAACGAAAAAACGAAAAAAGCAAAAAAGCAAAAAAGCGAAAAAACGAAAAA, 9707779
CGAAAAAACCAAAAAAGGAAAAAAGGGAAAAAAGGAAAAAACCAAAAAACCAAAAAAGGAAAAAACCCAAAAAACGAAAAA, 9707779
CCAAAAAAGGAAAAAACCAAAAAACCCAAAAAACCAAAAAAGGAAAAAACCAAAAAAGGAAAAAAGGGAAAAAAGGAAAAA, 9707779
CCAAAAAACGAAAAAACGAAAAAAGCGAAAAAAGCAAAAAAGCAAAAAAGCAAAAAAGCAAAAAACGCAAAAAAGGAAAAA, 9707779
CCAAAAAACCAAAAAAGGAAAAAACCCAAAAAACCAAAAAAGGAAAAAAGGAAAAAACCAAAAAAGGGAAAAAAGGAAAAA, 9707779
GCAGAAAACGAAAAAACGAAAACAGGGAACACACGCAAAUACGAAGAAAGCAAAAUAGCACAAAGCCCAAAAAAGCAGACA, 9707779
GCGAAAAACCGAAAAAGGAAAAAACCCAAAAAACGGAAAAACGAAAAAACGGAAAAACGAAAAAAGGGAAAAAAGCAAAAA, 9707779
GCAAAAAAGCAAAAAAGCAAAAAAGUGAAAAUACAAAAAAAUGAAAAAACGAAAAAACGAAAAAACACAAAAAAGCAAAAA, 9707779
GCAAAAAACGGAAAAACGAAAAAAAUGAAAAAACCGAAAAAGGAAAAAAGCGAAAAAGCAAAAAACAUAAAAAAGCAAAAA, 9707779
GCAAAAAAGGAAAAAACCAAAAAAGUCAAAAAACCAAAAAAGGAAAAAAGCAAAAAAGCAAAAAAGACAAAAAAGCAAAAA, 9707779
GCAAAAAACCGAAAAAGGAAAAAAGACAAAAAAACGAAAAAGUAAAAAAACGAAAAAGUAAAAAAGUCAAAAAAGCAAAAA, 9707779
CCAAAAAACCAAAAAAGGAAAAAACCCAAAAAACCAAAAAAGGAAAAAACCAAAAAAGGAAAAAAGGGAAAAAAGGAAAAA, 9707779
GCAAAAAAGCAAAAAAGCAAAAAAGCGAAAAAACGAAAAAACGAAAAAACGAAAAAACGAAAAAACGCAAAAAAGCAAAAA, 9707779
GCAAAAAAGCAAAAAAGCAAAAAAGUCAAAAAAGCAAAAAAGCAAAAAAGCAAAAAAGCAAAAAAGACAAAAAAGCAAAAA, 9707779
GCAAAAAAGUGAAAAAACAAAAAAGUCAAAAAAGUGAAAAAACAAAAAAGUGAAAAAACAAAAAAGACAAAAAAGCAAAAA, 9707779
CGAAAAAAGGAAAAAACCAAAAAAGCCAAAAAAGCAAAAAAGCAAAAAAGGAAAAAACCAAAAAAGGCAAAAAACGAAAAA, 9707779
CGAAAAAAUGGAAAAACAAAAAAACUGAAAAAACUGAAAAAAGAAAAAAUCGAAAAAGAAAAAAACAGAAAAAACGAAAAA, 9707779
GGAAAAAACCAAAAAAGGAAAAAAGGGAAAAAAGGAAAAAACCAAAAAACCAAAAAAGGAAAAAACCCAAAAAACCAAAAA, 9707779
GCAAAAAAGCAAAAAAGCAAAAAAGGCAAAAAAGCAAAAAAGCAAAAAAGCAAAAAAGCAAAAAAGCCAAAAAAGCAAAAA, 9707779
GCAAAAAACCAAAAAAGGAAAAAAGGCAAAAAACCAAAAAAGGAAAAAAGCAAAAAAGCAAAAAAGCCAAAAAAGCAAAAA, 9707779
GCAAAAAAGCAAAAAAGCAAAAAACGCAAAAAAGCAAAAAAGCAAAAAACGAAAAAACGAAAAAAGCGAAAAAAGCAAAAA, 9707779
GGAAAAAACGGAAAAACGAAAAAACUGAAAAAACAAAAAAAUGAAAAAACAAAAAAAUGAAAAAACAGAAAAAACCAAAAA, 9707779
CCAAAAAACCGAAAAAGGAAAAACGAGCAAAAACCAAAAAAGGCAAAAACUAAAAAAAGCAAAAACUCAAAAAAGGGAAAA, 9707779
CGAAAAAACCAAAAAAGGAAAAAACUGAAAAAAGCAAAAAAGCAAAAAAGCAAAAAAGCAAAAAACAGAAAAAACGAAAAA, 9707779
GCAAAAAAGUGAAAAAACAAAAAAUUCAAAAAAGAGAAAAAUCAAAAAACUGAAAAAAGAAAAAAGAAAAAAAAGCAAAAA, 9707779
GGAAAAAACUGAAAAAAGAAAAAACGGAAAAAAGAGAAAAAUCAAAAAAGUGAAAAAACAAAAAACCGAAAAAACCAAAAA, 9707779
GGAAAAAACCAAAAAAGGAAAAAACCCAAAAAACCAAAAAAGGAAAAAAGGAAAAAACCAAAAAAGGGAAAAAACCAAAAA, 9707779
GGAAAAAAGGAAAAAACCAAAAAACCCAAAAAACCAAAAAAGGAAAAAAGGAAAAAACCAAAAAAGGGAAAAAACCAAAAA, 9707779
CGAAAAAACCGAAAAAGGAAAAAAGACAAAAAACGGAAAAACGAAAAAACGAAAAAACGAAAAAGGUCAAAAAACGAAAAA, 9707779
CGAAAAAACGGAAAAACGAAAAAAGCCAAAAAACGAAAAAACGAAAAAACGAAAAAACGAAAAAAGGCAAAAAACGAAAAA, 9707779
UCAACUCCGAUACACUUCACACACAGCAUACCAGAUGACAUUCACCAUAGCUUUAAUGCGCCUCCGCUAAUAACGAACAUA, 9707779
GGAAAAAACCGAAAAAGGAAAAAACAUAAAAAACCGAAAAAGGAAAAAAUCGAAAAAGAAAAAAGAUGAAAAAACCAAAAA, 9707779
CGAAAAAACCAAAAAAGGAAAAAACCCAAAAAAGCAAAAAAGCAAAAAAGGAAAAAACCAAAAAAGGGAAAAAACGAAAAA, 9707779
CGAAAAAAGCAAAAAAGCAAAAAACACAAAAAAGUAAAAAAACAAAAAAGUAAAAAAACAAAAAAGUGAAAAAACGAAAAA, 9707779
CCAAAAAAGAGAAAAAUCAAAAAAGUCAAAAAAGUGAAAAAACAAAAAAGUGAAAAAACAAAAAAGACAAAAAAGGAAAAA, 9707779
GCAAAAAAGCAAAAAAGCAAAAAAGCCAAAAAAGGAAAAAACCAAAAAAGCAAAAAAGCAAAAAAGGCAAAAAAGCAAAAA, 9707779
GGAAAAAACCAAAAAAGGAAAAAACCCAAAAAAGGAAAAAACCAAAAAAGGAAAAAACCAAAAAAGGGAAAAAACCAAAAA, 9707779
CGAAAAAAGCAAAAAAGCAAAAAACCCAAAAAACGAAAAAACGAAAAAAGCAAAAAAGCAAAAAAGGGAAAAAACGAAAAA, 9707779
CCAAAAAACGAAAAAACGAAAAAAGGGAAAAAAGCAAAAAAGCAAAAAAGCAAAAAAGCAAAAAACCCAAAAAAGGAAAAA, 9707779
GGAAAAAAGGGAAAAACCAAAAAAGUCAAAAAAGGGAAAAACCAAAAAAGGGAAAAACCAAAAAAGGCAAAAAACCAAAAA, 9707779
CGAAAAAAAGGAAAAACUAAAAAAGAGAAAAAAGGGAAAAACCAAAAAAUAGAAAAAUAAAAAAACUCAAAAAACGAAAAA, 9707779
GCAAAAACGUGAAAAAGCAAAAACGUCAAAAAAGCAAAAAAGCAAAAAAGCAAAAAAGCAAAAAAGGCAAAAACGCAAAAA, 9707779
GCAAAAAAGAGAAAAAUCAAAAAAGUAAAAAAAGCGAAAAAGCAAAAAACCGAAAAAGGAAAAAAUACAAAAAAGCAAAAA, 9707779
CCAAAAAAGGAAAAAACCAAAAAACCCAAAAAACGAAAAAACGAAAAAAGGAAAAAACCAAAAAAGGGAAAAAAGGAAAAA, 9707779
GCAAAAAAGCAAAAAAGCAAAAAACGCAAAAAAGCAAAAAAGCAAAAAAGCAAAAAAGCAAAAAAGCGAAAAAAGCAAAAA, 9707779
GCAAAAAACGAAAAAACGAAAAAACUGAAAAAACGAAAAAACGAAAAAACGAAAAAACGAAAAAACAGAAAAAAGCAAAAA, 9707779
GCAAAAAAGCAAAAAAGCAAAAAAGCGAAAAAAGCAAAAAAGCAAAAAAGCAAAAAAGCAAAAAACGCAAAAAAGCAAAAA, 9707779
GCAAAAAAGCAAAAAAGCAAAAAAGGCAAAAAAGCAAAAAAGCAAAAAAGCAAAAAAGCAAAAAAGCCAAAAAAGCAAAAA, 9707779
GCAAAAAACGAAAAAACGAAAAAAGCGAAAAAACGAAAAAACGAAAAAACGAAAAAACGAAAAAACGCAAAAAAGCAAAAA, 9707779
GCAAAAAAGGAAAAAACCAAAAAACGGAAAAAAGGAAAAAACCAAAAAACGAAAAAACGAAAAAACCGAAAAAAGCAAAAA, 9707779
GCAAAAAAGCAAAAAAGCAAAAAAGCCAAAAAAGCAAAAAAGCAAAAAAGCAAAAAAGCAAAAAAGGCAAAAAAGCAAAAA, 9707779
GCAAAAAAGCAAAAAAGCAAAAAAGCCAAAAAAGCAAAAAAGCAAAAAAGGAAAAAACCAAAAAAGGCAAAAAAGCAAAAA, 9707779
GCAAAAAAGCAAAAAAGCAAAAAAGACAAAAAACGAAAAAACGAAAAAACGAAAAAACGAAAAAAGUCAAAAAAGCAAAAA, 9707779
GCAAAAAAGGAAAAAACCAAAAAAGGGAAAAAAGGAAAAAACCAAAAAACCAAAAAAGGAAAAAACCCAAAAAAGCAAAAA, 9707779
GCAAAAAAGCAAAAAAGCAAAAAACGCAAAAAAGCAAAAAAGCAAAAAAGCAAAAAAGCAAAAAAGCGAAAAAAGCAAAAA, 9707779
GCAAAAAAGCAAAAAAGCAAAAAACCCAAAAAACCAAAAAAGGAAAAAACCAAAAAAGGAAAAAAGGGAAAAAAGCAAAAA, 9707779
CGAAAAAACGAAAAAACGAAAAAACGCAAAAAACGAAAAAACGAAAAAAGCAAAAAAGCAAAAAAGCGAAAAAACGAAAAA, 9707779
CCAAAAAACCAAAAAAGGAAAAAACCCAAAAAACCAAAAAAGGAAAAAAGGAAAAAACCAAAAAAGGGAAAAAAGGAAAAA, 9707779
CCAAAAAAGCAAAAAAGCAAAAAAGGGAAAAAACCAAAAAAGGAAAAAACCAAAAAAGGAAAAAACCCAAAAAAGGAAAAA, 9707779
CCAAAAAAGCAAAAAAGCAAAAAAGGGAAAAAAGGAAAAAACCAAAAAACCAAAAAAGGAAAAAACCCAAAAAAGGAAAAA, 9707779
CCAAAAAAGUGAAAAAACAAAAAAGACAAAAAAGUGAAAAAACAAAAAAGUGAAAAAACAAAAAAGUCAAAAAAGGAAAAA, 9707779
GGAAAAAAGCAAAAAAGCAAAAAAGGGAAAAAACGAAAAAACGAAAAAACGAAAAAACGAAAAAACCCAAAAAACCAAAAA, 9707779
CGAAAAAACCAAAAAAGGAAAAAACGGAAAAAAGGAAAAAACCAAAAAACGAAAAAACGAAAAAACCGAAAAAACGAAAAA, 9707779
GGAAAAAAGCAAAAAAGCAAAAAACCCAAAAAACGAAAAAACGAAAAAACCAAAAAAGGAAAAAAGGGAAAAAACCAAAAA, 9707779
GGAAAAAAGGAAAAAACCAAAAAACGCAAAAAAGGAAAAAACCAAAAAACCAAAAAAGGAAAAAAGCGAAAAAACCAAAAA, 9707779
GGAAAAAACCAAAAAAGGAAAAAAGGGAAAAAACCAAAAAAGGAAAAAAGGAAAAAACCAAAAAACCCAAAAAACCAAAAA, 9707779
CCAAAAAACGAAAAAACGAAAAAAGGGAAAAAAGGAAAAAACCAAAAAACGAAAAAACGAAAAAACCCAAAAAAGGAAAAA, 9707779
GCAAAAAAGCAAAAAAGCAAAAAACUCAAAAAACGAAAAAACGAAAAAACGAAAAAGCGAAAAAAGAGAAAAAAGCAAAAA, 9707779
GCAAAAAAGUGAAAAAACAAAAAAGCCAAAAAAGUGAAAAAACAAAAAAGUGAAAAAACAAAAAAGGCAAAAAAGCAAAAA, 9707779
GCAAAAAAGUGAAAAAACAAAAAAGCCAAAAAAGUGAAAAAACAAAAAAGUGAAAAAACAAAAAAGGCAAAAAAGCAAAAA, 9707779
GCAAAAAAGCAAAAAAGCAAAAAACUGAAAAAAGCAAAAAAGCAAAAAACCAAAAAAGGAAAAAACAGAAAAAAGCAAAAA, 9707779
CCAAAAAAGGAAAAAACCAAAAAAGGCAAAAAAGCAAAAAAGCAAAAAAGCAAAAAAGCAAAAAAGCCAAAAAAGGAAAAA, 9707779
CCAAAAAAGUGAAAAAACAAAAAAGACAAAAAAGUGAAAAAACAAAAAAGUGAAAAAACAAAAAAGUCAAAAAAGGAAAAA, 9707779
GCAAAAAAGUGAAAAAACAAAAAAGUCAAAAAACUGAAAAAAGAAAAAACAGAAAAAUGAAAAAAGACAAAAAAGCAAAAA, 9707779
CCAAAAAACCAAAAAAGGAAAAAACCCAAAAAACCAAAAAAGGAAAAAAGGAAAAAACCAAAAAAGGGAAAAAAGGAAAAA, 9707779
GCAAAAAAGAAAAAAAUCAAAAAAGACAAAAAAGAAAAAAAUCAAAAAAGAAAAAAAUCAAAAAAGUCAAAAAAGCAAAAA, 9707779
GCAAAAAAGCAAAAAAGCAAAAAACGCAAAAAAGCAAAAAAGCAAAAAAGGGAAAAACCAAAAAAGCGAAAAAAGCAAAAA, 9707779
GCAAAAAAGGGAAAAACCAAAAAAGCGAAAAAACGGAAAAACGAAAAAACGGAAAAACGAAAAAACGCAAAAAAGCAAAAA, 9707779
GGAAAAAAAGGAAAAACUAAAAAAGAGAAAAAAAGGAAAAACUAAAAAAUAGAAAAAUAAAAAAACUCAAAAAACCAAAAA, 9707779
GGAAAAAAGGAAAAAACCAAAAAAGGGAAAAAAGGAAAAAACCAAAAAACCAAAAAAGGAAAAAACCCAAAAAACCAAAAA, 9707779
AAAAAGCCAAGUCGCGAAAGCAAAAGACAUAUGAAAAUAAUGAGCAAAAAGCCCAGCGGGAAACCUAAGCGGACGAAAGUCAGGAAGCAAAAAAAAAAAAAAAAAAAA, 9707784
AAAAACCCCAGGGGGGAAACCAAAACCCAGGCGAAAGCCAGGAGGAAAAAGGGCACCUCGAAAGAAACGGAGGGGAAACCCAGCAACCAAAAAAAAAAAAAAAAAAAA, 9707784
AAAAAGGCCAGCGGCGAAAGCAAAACGCAGCGAAAACGCAGGACCAAAAAGCCCAGCCCGAAAGGAAAGCAUGCGAAAGCAAGGAAGCAAAAAAAAAAAAAAAAAAAA, 9707784
AAAAAGCCGACGGGGGAAACCAAAACCGACGGGAAACCGACGAGCAAAAAGGGCACCCGGAAACGUAAGGAGGCGAAAGCCAGCAACCAAAAAAAAAAAAAAAAAAAA, 9707784
AAAAAGGCCAGGCCCAAAAGGAAAAGCCAGCCAAAAGGCAGGACCAAAAACCCCAGCCCGAAAGGAAAGCGCCCAAAAGGGAGGAAGGAAAAAAAAAAAAAAAAAAAA, 9707784
AAAAAUCCCAGUCACGAAAGUAAAAGACAAUAGAAAUAUAGGAGAAAAAAGGCCAGCCAGAAAUGAAAGCAAUAGAAAUAUAGGAACCAAAAAAAAAAAAAAAAAAAA, 9707784
AAAAACCCCAGCGGCGAAAGCAAAACGCAGCGGAAACGCAGGAGGAAAAAGCGCAGGCCGAAAGGAAACCAGGCGAAAGCCAGCAAGCAAAAAAAAAAAAAAAAAAAA, 9707784
AAAAAGAGCAGACGCGAAAGCAAAAGUCAGAAGAAAUUCAGCAUCAAAAAGCCCAGCGGGAAACCUAAGCAGUCGAAAGACAGGAAGCAAAAAAAAAAAAAAAAAAAA, 9707784
AAAAACCCCACCCCCAAAAGGAAAAGGGAGGGAAAACCCAGGAGGAAAAAGCCCAGCCCAAAAGGAAAGCAGGCAAAAGCCAGGAAGCAAAAAAAAAAAAAAAAAAAA, 9707784
AAAAACACCAGUGACGAAAGUGAAACACAGUAGAAAUACAGGAUGAAAAAGGCCAGCUCGAAAGAAAAGCACUAGAAAUAGAGGAACCGAAAAAAAAAAAAAAAAAAA, 9707784
AAAAACCCGACCGGGGAAACCAAAACGGACCGGAAACGGACGAGGAAAAAGCCCAGCGCGAAAGCUAAGCAGCCGAAAGGCAGGAAGCAAAAAAAAAAAAAAAAAAAA, 9707784
AAAAACCGCAGUCGAGAAAUCAAAAGACAGAUGAAAAUCAGCAGGAAAAAGGGCAGGGGGAAACUAAACCAGAUGAAAAUCAGCAACCAAAAAAAAAAAAAAAAAAAA, 9707784
AAAAACGCGAGCCCCAAAGGGAAAAGGCACGCGAAAGCGACGACGAAAAAGCCCAGCCGGAAACGAAAGCAGCGGAAACGCAGGAAGCAAAAAAAAAAAAAAAAAAAA, 9707784
AAAAAGCCCAGCCACGAAAGUAAAAGGCAGCUGAAAAGCAGGAGCAAAAAGCCCAGCACGAAAGUAAAGCAGCUGAAAAGCAGGAAGCAAAAAAAAAAAAAAAAAAAA, 9707784
AAAAACGAAAAAUCUAUGAAAAAUAGUAAAAGCAAAAAAAAAAAAAAAAAAAAAA, 9707786
AAAAAAGAAAAAGCCGCGAAAAGCGGAAAAAGCAAAAAAAAAAAAAAAAAAAAAA, 9707786
AAAAAAGAAAAAUGCCCAAAAAGGGUUAAAAGCAAAAAAAAAAAAAAAAAAAAAA, 9707786
AAAAAAGGAAAAAGCCGGAAAACGGUGAAAAACAAAAAAAAAAAAAAAAAAAAAA, 9707786
AAAAAAGGAAAAUAGGCAAAAAGCCUUAAAAACAAAAAAAAAAAAAAAAAAAAAA, 9707786
AAAAAAGAAAAAAAUACAAAAAGUAUGAAAAGCGAAAAAAAAAAAAAAAAAAAAA, 9707786
AAAAAAGAAAAAUCUACAAAAAGUAGUAAAAGCAAAAAAAAAAAAAAAAAAAAAA, 9707786
AAAAACGGAAAAUCGGCAAAAAGCCGUAAAAACAAAAAAAAAAAAAAAAAAAAAA, 9707786
AAAAAGGAAAAAUGUAGGAAAACUAUUAAAAGCGAAAAAAAAAAAAAAAAAAAAA, 9707786
AAAAAAGAAAAAGAUACGAAAAGUAUAAAAAGCAAAAAAAAAAAAAAAAAAAAAA, 9707786
AAAAAACAAAAAGUAUCAAAAAGAUGAAAAAGGGAAAAAAAAAAAAAAAAAAAAA, 9707786
AAAAAACGAAAAUAACGGAAAACGUUUAAAAAGAAAAAAAAAAAAAAAAAAAAAA, 9707786
AAAAACGAAAAAGCCCCGAAAAGGGGAAAAAGCAAAAAAAAAAAAAAAAAAAAAA, 9707786
AAAAAAGAAAAAUGUAGGAAAACUAUUAAAAGCAAAAAAAAAAAAAAAAAAAAAA, 9707786
AAAAAAGGAAAAUCCGCAAAAAGCGGUAAAAACAAAAAAAAAAAAAAAAAAAAAA, 9707786
AAAAAAGAAAAAUCCCCAAAAAGGGGUAAAAGCAAAAAAAAAAAAAAAAAAAAAA, 9707786
AAAAAAGAAAAAAUCCCGAAAAGGGAGAAAAGCAAAAAAAAAAAAAAAAAAAAAA, 9707786
GACAUUGACAGUGAAAACAGUGAAAACAGUUGAACGAAAGAGUC, 9707788
CCCACUGCCACGGAAACGAGCGAAAGCAGGUGGACGAAAGAGGG, 9707788
GCCAGAGCCAGCGAAAGCACGGAAACGAGGAGCAGGAAACAGGC, 9707788
GACAGAACCAGGGAAACCAGCGAAAGCAGGGACAGGAAACAGUC, 9707788
GGCAGAGGCAGCGAAAGCACCGAAAGGAGCAGCACGAAAGAGCC, 9707788
CCGAGUGAUAAUGAAAAUAGUGAAAACAAUUGCAGGAAACACGG, 9707788
GGCACUGGCAGCAAAAGCAGCAAAAGCAGCUGGACGAAAGAGCC, 9707788
CCCAGUGGGACGGAAACGAGGAAAACCACCUGCAGGAAACAGGG, 9707788
CGGAGGAGGACCGAAAGGAGUGAAAACACCGACAGGAAACACCG, 9707788
GUCAGGAAGAGUGAAAACAGUGAAAACACUAACGGGAAACAGAC, 9707788
CGGAGGAGGACCGAAAGGAGUGAAAACACCGACAGGAAACACCG, 9707788
CAGAGUGACACUGAAAAGAAUGAAAAUAGUUGCAGGAAACACUG, 9707788
CCCAGUGCCACCGAAAGGACCGAAAGGAGGUGCACGAAAGAGGG, 9707788
GACACUGACAGAGAAAUCACAGAAAUGAGUUGGACGAAAGAGUC, 9707788
GCGACUGGGAGCGAAAGCAGCAAAAGCACCUGGAGGAAACACGC, 9707788
CCCAGUGCCACCAAAAGGACCAAAAGGAGGUGCAGAAAACAGGG, 9707788
CACACGUCCAUCGAAAGAAUCGAAAGAAGGGUGACGAAAGAGUG, 9707788
CCCAGUGCGACGGAAACGACGGAAACGACGUGCAGAAAACAGGG, 9707788
GGCACUGCGACGGAAACGACGGAAACGACGUGGACAAAAGAGCC, 9707788
GGCAGAGCCAGCAAAAGCAGGAAAACCAGGAGCAGAAAACAGCC, 9707788
CCCACUGCCACCAAAAGGAGGGAAACCAGGUGGACGAAAGAGGG, 9707788
ACCACUUGCAAGGAAACUAAGGAAACUAGCUUGAGGAAACAGGU, 9707788
CGCACGACCAUCGAAAGAAUCGAAAGAAGGGAGAGGAAACAGCG, 9707788
CGGAGGAGCAGCAAAAGCAGCAAAAGCAGCGACAGGAAACACCG, 9707788
AAAAAGCAGGACCAAAGGAGGGAAACCAAACCGCAGCAGCAGCAAAGCAAUGAAAAUAAAGCGCAAAAA, 9707790
AAAAAGGACCACGAAACGAGGAAAACCAAAGGCCACCAGCACCAAAGGAGCAAAAGCAAAGCGGAAAAA, 9707790
AAAAAGGACCAGCAAAGCACGGAAACGAAAGGCCAGCACCACGAAACGAGCGAAAGCAAAGGGCAAAAA, 9707790
AAAAAGGAGGACCAAAGGAGCAAAAGCAAACCCCACGAGGACGAAACGAGCAAAAGCAAACCCGAAAAA, 9707790
AAAAAGCAGGACCAAAGGAGCAAAAGCAAACCGCAGGAGGAGCAAAGCACCGAAAGGAAACCCCAAAAA, 9707790
AAAAAGGAGGAGCAAAGCAAUGAAAAUAAACCCCAGUAGCAGCAAAGCAGAGAAAUCAAAGCACAAAAA, 9707790
AAAAAGGAGCACGAAACGAGGAAAACCAAAGCCCAGGAGCAGCAAAGCAGCAAAAGCAAAGCCCAAAAA, 9707790
AAAAACCAGGAGCAAAGCACCGAAAGGAAACCGGACCACCACGAAACGACGGAAACGAAAGGGGAAAAA, 9707790
AAAAACGAUCAGCAAAGCAACGAAAGUAAAGACGAGGAUGAGCAAAGCAACGAAAGUAAACACCAAAAA, 9707790
AAAAAGUAGCACCAAAGGAACGAAAGUAAAGCACAGGAGCAGCAAAGCAACGAAAGUAAAGCCCAAAAA, 9707790
AAAAACCACCAGCAAAGCAGCAAAAGCAAAGGGGAGCAGGAGCAAAGCACGAAAACGAAACCGCAAAAA, 9707790
AAAAACGACGACGAAACGAGGGAAACCAAACGCGAGCAGCACCAAAGGACGGAAACGAAAGCGCAAAAA, 9707790
AAAAAGGAGGAGCAAAGCACCGAAAGGAAACCCCACGACCACCAAAGGACCGAAAGGAAAGGCGAAAAA, 9707790
AAAAAGGAGGAGCAAAGCAGGAAAACCAAACCCCACGACCACCAAAGGACCAAAAGGAAAGGCGAAAAA, 9707790
AAAAAGCAGCACGAAACGACGGAAACGAAAGCGCAGCACCACGAAACGAGCGAAAGCAAAGGGCAAAAA, 9707790
AAAAACGAGGAGCAAAGCAGGGAAACCAAACCCGACCACCAGCAAAGCAGCGAAAGCAAAGGGGAAAAA, 9707790
AAAAACCACGAGCAAAGCAGCAAAAGCAAACGGGACCAGCAGCAAAGCACCAAAAGGAAAGCGGAAAAA, 9707790
AAAAAGGAGGACGAAACGAGGAAAACCAAACCCCAGGAGGAGCAAAGCAGGAAAACCAAACCCCAAAAA, 9707790
AAAAAGCAGGAGCAAAGCAGGAAAACCAAACCGCAGCACCAGCAAAGCAGGAAAACCAAAGGGCAAAAA, 9707790
AAAAAGCACGACGAAACGACCGAAAGGAAACGGCACCACCACCAAAGGAGGGAAACCAAAGGGGAAAAA, 9707790
AAAAAGGAGCACGAAACGAGUGAGAGCAAAGCCCACCAUCAGCAAAGCAGUGAGAGCAAAGAGGAAAAA, 9707790
AAAAAGGAGCAGCAAAGCAGCAAAAGCAAAGCCCACGAGCAGCAAAGCAGAAAAAUCAAAGCCGAAAAA, 9707790
AAAAACCAGCACCAAAGGACCAAAAGGAAAGCGGAGGAGGACCAAAGGAGGAAAACCAAACCCCAAAAA, 9707790
AAAAACGAGCACGAAACGAGCGAUAGCAAAGCCGAGGACCAGCAAAGCAGGAAAACCAAAGGCCAAAAA, 9707790
AAAAAGCAGCACGGAACGAGCGAAAGCAAAGCGCAGGACCACGGAACGAGGGAAACCAAAGGCCAAAAA, 9707790
AAAAAGGACAAGCAAAGCAGGAAAACCAAAUGCCAGGAGGAGCAAAGCAGCAAAAGCAAACCCCAAAAA, 9707790
AAAAACCACCACCAAAGGAGCAAAAGCAAAGGGGAGCACCACGAAACGAGGAAAACCAAAGGGCAAAAA, 9707790
AAAAAGGAGCACCAAAGGACGAAAACGAAAGCCCAGCAGGACCAAAGGAGGAAAACCAAACCGCAAAAA, 9707790
AAAAAGCACGAGCAAAGCGGCGAAAGCAAACGGCACCAGCACCAAAGGACGAAAACGAAAGCGGAAAAA, 9707790
AAAAAGGAUCAGCAAAGCAGGGAAACCAAAGACCAGGAGGAGCAAAGCAGGGAAACCAAACCCCAAAAA, 9707790
AAAAAGUAGGAGCAAAGCAGCAAAAGCAAACCACAGCACCAGCAAAGCAGCAAAAGCAAAGGGCAAAAA, 9707790
AAAAAGGACCACGAAACGAGCAAAAGCAAAGGCCAGGACGACGAAACGAGCAAAAGCAAACGCCAAAAA, 9707790
AAAAAGCAGCACGAAACGAGCGAAAGCAAAGCGCACGAGGACGAAACGAGCGAAAGCAAACCCGAAAAA, 9707790
AAAAACCACGAGCAAAGCGGCGAAAGCAAACGGGACCAGCGCCAAAGGAGCGAAAGCAAAGCGGAAAAA, 9707790
AAAAACGACGAGCAAAGCAGGGAAACCAAACGCGAGGAGCAGCAAAGCAGGGAAACCAAAGCCCAAAAA, 9707790
AAAAAGGACCAGGAACCCACGGAAACGAAAGGCCACGACCAGCAAUGCAUGGAAACAAAAGGCGAAAAA, 9707790
AAAAAGGAGCACCAAAGGAGGAAAACCAAAGCCCACCACCACGAAACGAGCAAAAGCAAAGGGGAAAAA, 9707790
AAAAAGGAGCAGCAAAGCAGGAAAACCAAAGCCCAGGAGGAGCAAAGCAGGAAAACCAAACCCCAAAAA, 9707790
AAAAACGACCACCAAAGGACCGAAAGGAAAGGCGAGGAGGACCAAAGGACAGAAAUGAAACCCCGAAAA, 9707790
AAAAACGACCACCAAAGGAGGAAAACCAAAGGCGAGCAGGACGAAACGAGCAAAAGCAAACCGCAAAAA, 9707790
AAAAACCACGAGCAAAGCAGCAAAAGCAAACGGGAGCAGCAGCAAAGCAGCAAAAGCAAAGCGCAAAAA, 9707790
AAAAAGGACGAGCAAAGCAGGAAAACCAAACGCCAGCAGCAGCAAAGCAGCAAAAGCAAAGCGCAAAAA, 9707790
AAAAACCACCAGCAAAGCAGCAAAAGCAAAGGGGAGCAGCAGCAAAGCAGCAAAAGCAAAGCGCAAAAA, 9707790
AAAAGGGACCAGCAAAGCAUCGAAAGAAAAGGCCACCACCACCAAAGGAUAGAAAUAAAAGGGGAAAAA, 9707790
AAACAGCACCAGCAAGGCGGGGAGACCAUAGGGCACCAGGAGGACACCAGCUAACGCAGACCGGAUGAG, 9707790
AAAAAGCACCACGAAACGAGUGAAAACAAAGGGCACGAGGACCAAAGGAGUGAAAACAAACCCGAAAAA, 9707790
AAAAAGGAGGACGAAACGAGCAAAAGCAAACCCCACCAGCACCAAAGGAGGAAAACCAAAGCGGAAAAA, 9707790
AAAAAGGACGAGCAAAGCACGAAAACGAAACGCCAGGAGCACGAAACGAGCAAAAGCAAAGCCCAAAAA, 9707790
AAAAAGUACCAGCAAAGCAGUAAAAACAAAGGACAGGAUCAGCAAAGCAGGAAAACCAAAGACCAAAAA, 9707790
AAAAACCACCAGCAAAGCACGGAAACGAAAGGGGAGCACGACCAAAGGAGGAAAACCAAACGGCAAAAA, 9707790
AAAAACCAGCACGAAACGACCGAAAGGAAAGCGGAGGAGGACCAAAGGAGGGAAACCAAACCCCAAAAA, 9707790
AAAAAGGAGGACGAAACGAGGAAAACCAAACCCCAGGACCAGCAAAGCAGGAAAACCAAAGGCCAAAAA, 9707790
AAAAACGACCACCAAAGGACCAAAAGGAAAGGCGAGGACCAGCAAAGCACGAAAACGAAAGGCCAAAAA, 9707790
AAAAACGAGCACCAAAGGAGAGAAAUCAAAGCCGAAGAGCAGCAAAGCAGAGAAAUCAAAGCCUAAAAA, 9707790
AAAAACCAGCAGCAAAGCACCAAAAGGAAAGCGGACGACCACGAAACGAGCAAAAGCAAAGGCGAAAAA, 9707790
AAAAAGGAGCACGAAACGACGGAAACGAAAGCCCAGGAGCAGCAAAGCAUGGAAACAAAAGCCCAAAAA, 9707790
AAAAAGGAGCAGCAAAGCAGCAAAAGCAAAGCCCAGGACCAGCAAAGCAGCAAGCGCAAAGGCCAAAAA, 9707790
AAAAAGCACCAGCAAAGCAGAGAAAUCAAAGGGCAGCAUCAGCAAAGCAGUGAAAACAAAGAGCAAAAA, 9707790
AAAAAGUACGACCAAAGGAGCGAAAGCGAACGACAGCACCAGCGAAGCACGGAAACGAAAGGGCAAAAA, 9707790
AAAAACCACGAGCAAAGCACGGAAACGAAACGGGAGCACGACCAAAGGAGCAAAAGCAAACGGCAAAAA, 9707790
AAAAACGAGCAGCAAAGCAGCAAAAGCAAAGCCGACGAGCACCAAAGGACCAAAAGGAAAGCCGAAAAA, 9707790
AAAAAGGACCAGCAAAGCAGGGAAACCAAAGGCCAGGAGCAGCAAAGCAGCGAAAGCAAAGCCCAAAAA, 9707790
AAAAACCACCAGCAAAGCAGGGAAACCAAAGGGGAGCACCACCAAAGGAGGGAAACCAAAGGGCAAAAA, 9707790
AAAAACGACCAGGAACCCAGGAAAACCAAAGGCGAGGAGGAGCAAAGCAGCAAAAGCAAACCCCAAAAA, 9707790
AAAAAGGAUGAGCAAAGCAGGAAAACCGAACACCAGGAGGACGAAACGAAGGAAACUGAACCCCAAAAA, 9707790
AAAAACGACCACGAAACGACCAAAAGGAAAGGCGAGGAGGACCAAAGGAGCAAAAGCAAACCCCAAAAA, 9707790
AAAAAGCACCACCAAAGGACCAAAAGGAAAGGGCAGGAGGACCAAAGGAGGAAAACCAAACCCCAAAAA, 9707790
AAAAAGGAGCAGCAAAGCACCGAAAGGGAAGCCCAGGAGCACCAAAGGAGCGAAAGCAAAGCCCAAAAA, 9707790
AAAAACCACGAGCAAAGCACCGAAAGGAAACGGGAGGAGGAGCAAAGCACGAAAACGAAACCCCAAAAA, 9707790
AAAAACCACGACCAAAGGAUGGAAACAAAACGGGAGCACGAGCAAAGCAGAGAAAUCAAACGGCAAAAA, 9707790
AAAAAGGAGCAGCAAAGCAGAGAAAUCAAAGCCCAGGAUCAGCAAAGCAGGGAAACCAACGACCAAAAA, 9707790
AAAAAGGACCAGCAAAGCACCAAAAGGAAAGGCCACGAGCAGCAAAGCACCAAAAGGAAAGCCGAAAAA, 9707790
AAAAAGGUGCAGCAAAGCAGAGAAAUCAAAGCCCGGCACGAGCAAAGCACGGAAACGAAACGGCGAAAA, 9707790
AAAAACCACCAGCAAAGCACCGAAAGGAAAGGGGAGGACCACCAAAGGACCGAAAGGAAAGGCCAAAAA, 9707790
AAAAAGGAGGAGCAAAGCAGGAAAACCAAACCCCAGGAGGACGAAACGAGGAAAACCAAACCCCAAAAA, 9707790
AAAAAGCAGGAGCAAAGCACGAAAACGAAACCGCAGGACGAGCAAAGCACGAAAACGAAACGCCAAAAA, 9707790
AAAAAGGACGACGAAACGAGGGAAACCAAACGCCAGGACGAGCAAAGCAGGGAAACCAAACGCCAAAAA, 9707790
AAAAAGCACGAGCAAAGCAGUGAAAACAAACGGCAGGACCAGCAAAGCAGAGAAAUCAAAGGCCAAAAA, 9707790
AAAAAGGACCAGCAAAGCACCGAAAGGAAAGGCCAGGAGCAGCAAAGCAGGAAAACCAAAGCCCAAAAA, 9707790
AAAAACGAGCAGCAAAGCAGGAAAACCAAAGCCGAGGAGGACCAAAGGAGGAAAACCAAACCCCAAAAA, 9707790
AAAAACGACGGGCAAAGCAGGAAAACCAAACGCGACCACCAGCAAAGCAGCGAAAGCAAAGGGGAAAAA, 9707790
AGAGACCACCAGCAAAGCAGCAAAAGCAAAGGGGGGCACCACGAAACGAGCAAAAGCAAAGGGCGACAC, 9707790
AAAAAGGACCAGCAAAGCAGUGAAAACAAAGGCCAGGAGCAGCAAAGCAGUGAAAACAAAGCCCAAAAA, 9707790
AAAAGGCACGAGCAAAGCAAGGAAACUAAACGGCACCAUCACCAAAGGAUCGAAAGAAAAGAGGAAAAA, 9707790
AAAAAGUACCAGCAAAGCAGAGAAAUCAAAGGACAGUAGCAGCAAAGCAGAGAAAUCAAAGCACAAAAA, 9707790
AAAAACGAGCAGCAAAGCAACGAAAGUAAAGCCGACGAGUAGCAAAGCAGCGAAAGCAAAACCGAAAAA, 9707790
AAAAGGGAUCAGCAAAGCAAGGAAACUAAAGACCACCAGCAGCAAAGCAGUGAAAACAAAGCGGAAAAA, 9707790
AAAAAGGAGGAGCAAAGCAUGGAAACAAAACCCCAAGAGCAGCAAAGCAUGGAAACAAAAGCCUAAAAA, 9707790
AAAAAAUAUGAAAGUGAUAUGUAAUAUGGGCGUAGCGCGAUAGAAAUAUGGACCUACCGCGAUAUGAAGAGAUAUGAAAGUGAUAUAAAAAAAAAAAAAAAAAAAA, 9707792
AAAAAGGGGAGAAAGAGGGGAGAGGUAGUCGCACGCGCGCCCGAAAGGGGGACCGUGGUAGUACCGAAGCACCCCACAAACACCCCAAAAAAAAAAAAAAAAAAAA, 9707792
GGAAAUAAUGAAAGUGAUUAGGACUUGCGCGCAUGCGGGAUGGAAACAUGCGCCAUGGACACAAGGAAGCGUAAUGAAAGUGAUUAAAAGAAACAACAACAACAAC, 9707792
AAAAAGCCCACAAACACGGCACACGGCGGCGCGCGCGCACCCAAAAGGGAGACCGCGGACGGCCGAAAAGAGCCGAGAAAGAGGGCAAAAAAAAAAAAAAAAAAAA, 9707792
AAAAAGUAUGCAAGUGAUAUAAAAUAUAGGACAUGACCGUAUGAAAAUAGGCGCAUGCGCAAUAUGAAGUAAUAUGAAAGGGAUACAAAAAAAAAAAAAAAAAAAA, 9707792
AAAAAGAUCGGAAACGGUACGCGGUACGGGACUAGCGCGGACAAAAGUCGGACCUAGCGCGGUACAAAAGGGUACGGAAACGGAUCAAAAAAAAAAAAAAAAAAAA, 9707792
AAAAAUUAUGAGAAAGUUAUGGGUUAAGGGUGUUGCGCGUACGAAAGUAGGACCAACCGCGUUAAAAAACGAUAAGUGAAUGAUAAAAAAAAAAAAAAAAAAAAAA, 9707792
AAAAACCCCACAAACACCCGGGGCCCCAGGACCCGCGCGCCGGAAACGGGGACCGGGCGCAGGGGAAAACGCGGGAGAAAGAGGGGAAAAAAAAAAAAAAAAAAAA, 9707792
AAAAACCCCACAAACACCCCACAGGCGAGCGCCGGCGGGGCGGAAACGCGCGCCCGGGACACGCCAAAAGAGGGGAGAAAGAGGGGAAAAAAAAAAAAAAAAAAAA, 9707792
AAAAACAUAACGAAAGUAUAGCAGUAUAGGACAGGACCGAUAGAAAUAUGGCGCCUGCGCAAUACAAAAGGUAUAGUGAAGAUAUGAAAAAAAAAAAAAAAAAAAA, 9707792
AAAAAGGCUGAAAGAGAGCUGAAAGCUGGGACGCGACCGACUGAAAAGUGGCGCGCGCGCGAGCUGAAGUGAGCUGUAAGUGAGCCAAAAAAAAAAAAAAAAAAAA, 9707792
CGUGCGGGUCCGGUGGGAAAAGGGUCCGGGAAACCAAAAGGGUCCCCUGCCAAAAGGGUCCGGUGCCAACCUGGGGGGUCGAAAAGCUGGGGGGUCGAAAAGGGAAACCCGGUCCAAAACCUGGCCGGUCCGGUGGGAAGGGAAACCCCGUCCGGUGGGAAAAGGGUCGGCGAAAGCAAAACGGUCCCCUGCCAAAAGGGUGGCCUGCCAACCUGGGGGGUCGAAAAGGUGCGGCGUCGAAAAGGGAAACCCGGUGCAAAACGUGCCCGGUCCGGUGCCAAGUGCG, 9707794
GGUGGCUUGGGACUGAUAAAACGUGGCACGAAAGUAAAAGCUGCGAUUGGUAAAACCUGAGGCUGGCAACGUGCAGCUGGUAAAAGCUGGAAGUGAUAAAAUAGAAAUAAUUGCUUAAAUCUGGCACUGGCGGUGGAAAUGGAAACAUCUGCAAGUGAUAAAAUGUGCAACGAAAGUAAAAUGUGCAAUUGCUUAAAUGUGGAUCUGCCAAUGUGCGCGUGGGAAAAUCUGGGAGUGAUAAAAUAGAAAUAAUUGCUAAAACCUGGACCUGCGGCUGGCAACUGCC, 9707794
GUUGCCCUGCCGUUGAGAAAACCUGGCACGAAAGUAAAAGCUGGGCUUGACAAAAGGUGGGAUUGGGAAGGUGACGUUGAGAAAAGUUGACACUGACAAAACAGAAAUGGUUGGUAAAAGUUGACCUUGACACUGAGAAGCGAAAGCGCUGAGCGUGGCAAAAGUUGACCUGAAAAGAAAAGUUGACGCUGCGAAAACUUGGCCUUGGUAAGUUGCCCUUGCCAAAAGUUGACACUGAUAAAAUAGAAAUAAUUGGUAAAAGUUGACGGUGAGCCUGAUAAGUGAC, 9707794
CGUGGCCUGCCGCUGCGAAAACCUGGCCGGAAACGAAAAGCUGGGCGUGGCAAAAGGUGGGGGUGGCAACCUGGGCGUGCGAAAAGCUGCGGCUGGGAAAAGGGAAACCCCUGGCAAAACGUGGCCGUGCGGUUGGGAAGGGAAACCGGUGGGAGUGGGAAAACGUGGGGCGAAAGCAAAACCUGCGCCUGCUAAAACCUGCCCCUGACAACCUGGGCGUGGGAAAAGCUGCCCGUGCGAAAAGCGAAAGCCGUGCGAAAAGGUGGCCCUGCGGCUGCCAACUGCG, 9707794
GCUGGGCUGGGGCUGGCAAAACGUGGCGGGAAACCAAAAGCUGCGGCUGGCAAAACCUGGCGCUGGCAACGUGGCGUUGGCAAAACCUGGCCGUGCGAAAAGCGAAAGCCGUGCGAAAAGCUGGGGCUGACCGUGCCAACCGAAAGGGCUGGGGCUGCGAAAAGGUGCGGCGAAAGCAAAACGUGCCCGUGGCAAAACCUGGCGGUGCGAAGCUGCGCCUGGCAAAAGCUGAGCUUGACAAAACCGAAAGGGUUGAGAAAACUUGGCGCUGGGGCUGGCAACUGGC, 9707794
AAAAGGGCAACUAUGAAGAGGAACUAGGAAAACUAGCAGCGGAAACCGACUGCCUCGGAAGCACCACCACCGGGGAAACCACGGGGGGCGACCAGGAGGAGGGAAACCCCCCCCGGGACCGGAAACGCGCCGCGGAAGGAUCGGCUAUCCCAUAGGCCAGGCACGGAGGGGGAAACCCCCCGGCCCGCGCCCCAAAGGGAGCAGCGAGGCGCCC, 9707796
AAAACUUCAACACACAACGGGAAGAGGGAAAACCUCGGGCUGAAACAGACCCCCCGCCGCAGAGGAGGAGUGCAGAAAUGACACCCCCGGGCCAGGAGGACCGAAAGGCCCCGCCCGACCCAAAAGGCGCGAGGCAAGGACCCCUGACGGGUGUGGCGAGUGAGAGACUUAGAAAUAAGCUCCACCUGGGCACAAAGUGACCACAGACGCGAAG, 9707796
AAAAGUGCAAGUACCAAGCACAAGAACGAAAAGUUCGGCCCCAAAGGGAGCCGUGCGGGCUCAGCAUCAGUAACGAAAGUAUACGAGCGUCACAGGAGUAUGGAAACAACCCGUCAGCGCCGAAAGGACCUAGACAAGUAGACGAGACCCGGUACCUCAGAGAGAUAUAUGGAAACAUAAUCCUCGUCGCCUCAAAGAGAGCAGACAGAGGCAC, 9707796
AAAAUGACAAGUAACAAGAACAAGAUCGAAAAGAUCGGCGAUAAAAUCAGCCGUUCGCGGGCAGGAGUAUUCACGAAAGUAGAAACCCGUCCCAGCAUGAGAGAAAUCCAGCCAGCGCGCGGAAACGACCGACUGAAGGAGACGCCACGCGUUACGCCAGCUAGAUAGUAUGAAAAUACAUCAGCGUGCAGAGAAACUCAUGACACAGGCGUCA, 9707796
AAAAGAGCAAGAAGCAAGAACAAGUACGAAAAGUACGUCCUAAAAUAGAGACGUUCGGCCUCACGAGUAUUCCAGAAAUGAGAAACCGGUGCGACGACGAGAGAAAUCCGCGGACCGACCAGAAAUGCGCGAGUCAACGACACGAGAGCCGCUUCGGCAGUGAGUGAGUUUGAAAAAACCACCACGACCCCGCAAAGCGAGGAGUCAGCCGCUC, 9707796
AAAACCGCAACCCCCAACCCCAACCCCAAAAAGGGGGCCCCCAAAGGGAGGCGGGGCGCCGCAGGAGGAGCCCCGAAAGGAGGCCCCCCCCCGAGGAGGAGGAAAACCCCCCCCCCGACCGGAAACGCGCGAGGGAACGAGGGGCGAGCGGGGGGCCCAGGGAGGGAGGGCAAAAGCCCCCCCCCCCCCCCGGAAACCGAGGAGGGAGGGGCGG, 9707796
AAAAGAACAACAAUCAAGUAGAAGUAUGAAAAAUACGUCCUAAAAUAGAGACCUACGAGCUCAGGAGCAGUGGUGAAAACACACGCCCGCGGGAGGAGCAGUGAAAACGCCCGGGCGCGCAGAAAUGACCGACCCAACCACGCGAGACUCGAUUGCAGAGGGACUGAGUAUAAAAAUACCAGCCCGAGGGCUAAAAUAGACCACUCACUGGUUC, 9707796
AAAAAAACCCCACGGGACCGAGGCAAAAGCCACCCACGGAAAACCGAGGGAGGGAAAACCCACCCAGGCAAAAGCCAGCGAAAAAACGCAGGGACCCAGGGACGGACGAAAGACCCGACCCGAAAGGGAGCCAAACGGAAACGAAAAAAAAGGCAGGGACGCGAAAGCGCGCGAAAGCGCCCGAAAGGGCCCACCCAAACCCCACGAAAGAGCCAGCGAGGGAGGGACCGAAAGGCAAAAGCCACGGAGGCAAAAGCCACCCACGGAAAACCGACCCAGGGAAAACCCACGCAGGCCCGGAAACGGGGGGAAACCCAGGGAAAACCCGCCAGGCAGGGGAAACGGGAGGGGAAAAAAA, 9707798
AAAAAAAGGCCAGCCCAGCCAGGGAAAACCCACGGAGGCAAAAGCCACCCACGGAAAACCGAGCCAGCCAAAAGGCAGGGGAAAAACCCAGGCAGGGACCGAGGCAGGAAACAGGGCACCCCAAAGACAGGGAAAGCGAAAGCGAAAAAAGCCCACCCACCGGAAACGGCCCGAAAGGGCGCGAAAGCGGGGAGUCAAACACCAGAAAACAGGCAGCGACCGAGCCAGGGAAACGGAAAACCGACCCACCCAAAAGGGAGGCAGGGAAAACCCACGGAGCCAAAAGGCACGCAGCCGACGAAAGUCCCGGAAACGGACCGGAAACGGGGCAGCCAGGUGAAAGGGGAGGCCAAAAAAA, 9707798
AAAAAAACCCCAGCACAGGCAGGCAAAAGCCACGGACCCAAAAGGGAGGGACCCAAAAGGGACGGAGCCAAAAGGCACGGAAAAAACCGACCGACCCACCGAGCCAGAAAACAGUGCAGCAGAAAGGCAGGUGAGGCAAAAGCAAAAAAAAACCAGUGACACGAAAGUGGAGGAAACUCCUCGAAAGAGCACAGCCAAACGACAGGAAACAGGCAGGGAGAGACAGAGUGAAACGGAAAACCGACACACCGAAAACGGACUGAGUCGAAAGACACUCAGGCGAAAGCCACCCAGCCGGGGAAACCCGUCGAAAGACACACGAAAGUGGGCAGCCAGUCGAAACUGCAGGGGAAAAAAA, 9707798
AAAAAAAGUAUAGUACAAUCAGUCGAAAGACAAUCAGACGAAAGUCAGACAGUAGAAAUACAGUAAGAUGAAAAUCAGACGAAAAAGUCAUACAGUCAGAUAGAUAGGAAACAGUACAGUAUAAAGUCAGACAAAGCGAAAGCGAAAAAAGGUCAGCCAGCGGAAACGCGUCGAAAGACGUGGAAACACGGCAGACAAAAUACAGGAAACAGGCAGCCAGACAGUGAGUAAAAUAUGAAAAUAAUACAAUAGAAAUAUACACAGUAGAAAUACAGUCAGAUGAAAAUCAGGCAGGCGACGAAAGUCGGCGAAAGCCAGGCGAAAGCCGCCAGCCAGUAUAAAAUACAAUACAAAAAAA, 9707798
AAAAAAAUUACACUUCAGUCAGACGAAAGUCAGAAAGUUGAAAAACACUCAGUAGAAAUACAGACAAUUGAAAAAUAAUAGAAAAAUAUAGUCAGAGAUUCAGACAAGAAAUAGAAGAAUUCAAACUCACACGAAUAGAAAUAGAAAAAAAGUGACAGACUAGAAAUAGGACGAAAGUCGACGAAAGUCCUGAGAGAAAGUACAUGAAAAAGUCAGUAAGUCAGUCAGACAAAUUAGAAAUAAGGUCAUAAGAAAUUAAGACAGAAGAAAUUCAGACAGUAGAAAUACAUACAGUGGUCGAAAGACGAGGAAACUCACACGAAAGUGCACAGACAGUACAAAGAAUAGUAAAAAAAAA, 9707798
AAAAAAAGGGGAGGGCAGCGACGCGAAAGCGAGGGACCGAAAACGGACCCACCCAAAAGGGAGGCACCCAAAAGGGAGGGAAAAAACCCAGCCAGGGACCCACGCACAAAAGAGCCCACCCGAAACCCAGGGAAAGGGAAACCAAAAAAAACCCAGGGACGCGAAAGCGGCGGAAACGCGGCGAAAGCCCCCAGGGAAAGCGGACGAAAGACCCACCCACGGAGGGACCCAAACGGGAAACCGAGGGAGGGGAAACCCACCCAGCGGAAACGCACCGACGCGAAAGCGAGGGACGCCCCGAAAGGGCCCGAAAGGGACCGGAAACGGGCGAGGGACCGCAAACGGGACCCCAAAAAAA, 9707798
AAAAAAAAUACACUACACACAGUAGAAAUACAGAGAGUAGAAAUACACUCAGUAGAAAUACAGUCAGAUGAAAAUCAGAUGAAAAAAUCAGACAGAGACUCAGUGAGGAAACAGUAGAGUAGAAAGUGAGACAAGGUGAAAACAAAAAAAGGUCAGUCAGUGGAAACACGUGGAAACACGAGGAAACUCGACACACAAAGUACAGGAAACAGUCAGUCACUCAGUCAGAUAAAGAGGAAACUCGAUCAGUAGAAAUACAGACAGUAGAAAUACAGAGAGUAGAAAUACAGACAGCCGUGGAAACACGUGGAAACACAGGUGAAAACCGGCAGACAGUACAAACUACAGUAUAAAAAAA, 9707798
AAAAAAAGGGGACCCCAGCCACGGAAAACCGACGCACCCAAAAGGGAGGGACCCAAAAGGGACCGACCCAAAAGGGAGCCAAAAAAGGCACGGACCCAGCGAGGCACAAAAGAGGGGAGCCCAAAGGGAGCCAAACCGAAAGGAAAAAAAAGGCAGCCACCCGAAAGGGCCGAAAACGGGGGGAAACCCGGCACCCAAACCGCAGAAAACACCCAGGGAGGGACGGACCCAAACCCAAAAGGGAGGGAGGGAAAACCCACCGAGGGGAAACCCACCCAGGGGAAACCCACCCAGGGCGCGAAAGCGGGCAAAAGCCAGGGGAAACCCCCCAGGGAGCGGAAAGGGCACCCCAAAAAAA, 9707798
GAAAUGAUAUAAAGAUGGAAAUUUUAAAAAUAUUAAAAUUUAUAAAUUAGGAAAUAUAAAAAUAUAUAAAAUAUAAAAUAUAUAAAUAUAAAAUAUAUAAAAUAUAAAUAUAUAAAAUAUAAAAUAUAAAUAUAUAAAUAUAAAUAUAAGAUAUAGAAUUAAUAUAGAAAAUAUAUAAAAAUAAUUAAAAAUAUAUAAAAAUUAUAGAAAGUAUAUGAAAGAUAUAGAAAGUAUAUGAAAGUAUAUGAAAGAUAUGGAAAGUGUGUGAAAGGUGUGGAAAGUGUGUGAAAGGUGUGGAAAGUGUGUGAAAGAUGUGGAAAGUGUGUGAAAGUUUGGGAAAGGUGGGGAAAGUGGUGGAAAGUGGGAGAAAGUUAUUGAAAGGUGUUUAAGCGAAAA, 9707800
GGAAUGGUUAAAAUGGGUAAAAUUUUAAAAUGGGUAAAAUUUAAAAUGGGUAAAUUUAAAAAUGGGUAAAAUUUAAAAUGGGUAAAUUUAAAAUAGAUAAAAUUUAAAUAAAUAAAAUUUAAAUAAAUAAAUUUAAAUAUAUAAAUUUAAUAAAUAAUAUAAAAAUGAAAAAUUUUGAAAGUAUAUGAAAGAUUUAGAAAGUAAAUGAAAGAUAUAGAAAGUAAAUGAAAGAUUUAGAAAGUAAAUGAAAGAUUUAGAAAGUGGGUGAAAGAUUUAGAAAGUGGGUGAAAGAUUUAGAAAGUGGGUGAAAGAUUUAGAAAGUGGGUGAAAGAUUUAGAAAGUGGGUGAAAGAUUUAGAAAGGAGGUGAAAGAUUUAGAAAGUGAUUUAAACGAAAA, 9707800
GAAAGUAUUCAAAAUAUAAAAAUAUAAAAAAUAUAAAAAUAUAAAACUAUAAAAUAUAAAAAAUAUAAAAAUAUAAAAAUAUAAAAUAUAAAAAUAUAAAAAUAUAAAAUAUCAAAAUAUAAACUAUAAAAUAUAAAAUAUGAAAUAUAGAUAUCGAUAUGAUAUAGAAAAUAUAUAAAAACAUAUAAAAAGAUAUAAAAAUAUAUGAAAGCAUAUGAAAGUAUAUGAAAGUAUAGGAAAGUAUAUGAAAGGAUAUGAAAGUAUAUGAAAGUAUAUGAAAGUAUAUGAAAGUAUAUGAAAGUAUAUGAAAGUAUAUGAAAGUAUAUGAAAGUAUAGGAAAGUAUAUGAAAGUAUAUGAAAGUAUAUGAAAGUAUAUGAAAGGAAUAAAAGCAAAAA, 9707800
GAAAGAUAAAAAGAUUAAAAGAUUUAAAAGUUUUAAAGAUUUAAAGAAAAUAGAAUUAAAAGAUUUAAAGUUAAAAAGAAAUAAGAAAUUAAGAUAAAAAGAUUUUAGAAUUUAAGAAUUUAGAUUAAGAAAAUUAGAUAAAAGUAAAUGAAAAUGUAAUAAAAAUGAAAAAUUUUAAAAAUAUUAAAAAAAUUUUAAAAAAUUUAAAAAGUUUAUAAAAGAAUUUGAAAAUUAAUAAAAGAAAUUAAAAGAAAUUAAAAGAAAAUAAAAGUUUAUAAAAGAAUUUAAAAGUAUUUAAAAGUUUAAAAAAGUAAAUAAAAGUAAUUAAAAGAUUUUAAAAGUAAAUAAAAGUAAAAAAAAGUAAAUAAAAGUUAAUAAAAGUUUAUAAAGCAAAAA, 9707800
GAAGGAGGCGAAAGGCGGAAACCCCCAAAACCCGGAAAGGGCGAAAGGGGGAAGGGGGAAAAGGGGGAAAGGGGGAAAGGGGGAAGGGCCAAACCCCGAAAGGGCGAAGGGGGAAAGGGGGAAGGGGGAAGGGGGAAGGGGGAAGGGGGAGGCCGAGCCCCGGGGGAAAAACCCCCAAAAAGGGGCAAAAACGGCCAAAAACCCCCAAAAACCCCCAAAAACCCCCAAAAACCCCCAAAAACCCCCAAAAACCCCCAAAAACGCCCAAAAACGGGGAAAAAGGCCCAAAAACCCCCAAAAACCCCCAAAAACCCCCAAAAACCCCCAAAAACCCCCAAAAACGCCCAAAAACCGGGAAAAAGGGGGAAAAACCGCCAAAAACGCCUAAAGCAAAAA, 9707800
GGAAGCCCGGAAAGGGGGAAAGGGGGAAAAGGCCGAAAGCCGCAAACCCCGAAGCCCGAAAAGGGGGAAACCGCGAAACGCCGAAGGGGGAAAGGCGGAAAGGGGGAAGGGGGAAAGGGGGAACCCGGAAGGGGGAAGGGGGAAGCCGGACGGGGACCCGGCCCCGAAAAACGGGGAAAAACCGGGAAAAACCCCGAAAAACCGGCAAAAACCCCCAAAAACCCCCAAAAACCGGGAAAAACCCCCAAAAACCCCCAAAAACCCCCAAAAACCGCCAAAAACCCCCAAAAACGGCGAAAAACGCGGAAAAACCCCCAAAAACGGGCAAAAACGGGGAAAAAGCGGCAAAAACGGCCAAAAACCCCCAAAAACCCCCAAAAACCGGGAAAACGAAAA, 9707800
GGAAUUAUUGAAAGAUACAAAGAUACAAAAGUUACAAAGAUUCAAAGUAACAAGAAUCAAAAGAUACAAAGAUACAAAGAUUCAAGUUUCAAAGAUUCAAAGUAUCAAGAAACAAAGAUCAAAGAUUCAAGAAUAAAGAUGCAAGAUACAGUAACAGAAACGUAUCAAAAAGAUACAAAAAGUUUCAAAAAGUUACAAAAAGUAUCAAAAAGUAUCAAAAAUAUUCAAAAAGAAUCAAAAAUGAUCAAAAAGUUUCAAAAAGAUACAAAAAGAAUCAAAAAGAAACAAAAAGAAUCAAAAAGUAUCAAAAAGUAUCAAAAAGAUUCAAAAAGUUACAAAAAGAAUCAAAAAGUAACAAAAAGUAUCAAAAAGUAUCAAAAACAAUGUAAACAAAAA, 9707800
GGAAAAUAUAGAACUAUAGAAUGAUAGAAAGUAUAGAGCUAUAGAAGUAUAGGGUAUAGAAAGUAUAGAAGUAUAGAAGUAUAGGGUAUAGAAGUAUAGAACUAUAGGGUAUAGAAGUAUAGGGAUAUGGGAUAUGGCUAUAGGCUAUAACUAUAAGAUAGGAUAUGAAAAAUAUCAAAAACUAUCAAAAAUAUAGAAAAAUAUAGAAAAAUAUAGAAAAAAUAUCAAAAAAUAUCAAAAAUAUACGAAAAUAUACAAAAAUAUAGGAAAAUAUACGAAAAUAUACAAAAAUAUACGAAAAUAUACGAAAAUAUACGAAAAUAUACAAAAAUAUACGAAAAUAUAGAAAAAUAUACGAAAAUAUCAGAAAAUAUAGGAAAAUAUAUGAAACAAAAA, 9707800
AAAAGUAUGGGGCGCCGAAAGGGACCUCACAUACAAAA, 9707802
AAACGCCCCCCGGACCGAAAGGCGCGCGCGGGGCAAAA, 9707802
AAAAGUAACCCGGACAGAAAUGCGCGAGAGUUACAAAA, 9707802
AAAAGGGGCCCGGACCAAAAGGCGCGAGAGCCCCAAAA, 9707802
AAAACCCCCCAGGACAGAAAUGCGCUAGAGGGGGAAAA, 9707802
AAAAGGGCCCCGCGCCGAAAGGGACGAGAGGCCCAAAA, 9707802
AAAAGUAUCCCGCGCGAAAACGGACGAGAGAUACAAAA, 9707802
AAAAGGCCGCCGGACGAAAACGCGCGAGACGGCCAAAA, 9707802
AAAACAUAGCGGCGCAAAAAUGGACCAGACUAUGAAAA, 9707802
AAAAGGGGGCCGGUGCGAAAGCCGCGAGACCCCCAAAA, 9707802
AAAAGCGCCCCGCGCCGAAAGGGACGAGAGGCGCAAAA, 9707802
AAAAAUAUAUACAAAACCAACAAAAAAAAAAAAAAAAAAAGAAGGCAAAAUGAAAAUAAAUAGAAAUAAAAAAAAAGCCAAAAAACGGGUAUAUAUAAAA, 9707805
AAAACGGGGUAUAAAAGCACGGAAAAAAAAAAAAAAAAAACACGUCAAUCGGAAACGUAUAGGAAACUUAAAAAACGACAAAAAAAGCAUACCCCGAAAA, 9707805
AAAACAAAAAGAAAAAGCACGGAAAAAAAAAAAAAAAAAACAAGGGAAAGAGAAAUCAAAGGGAAACCAAAAAAAACCCAAAAAACGCUCUUUUUGAAAA, 9707805
AAAACGCGGCGUAAAAGCAACGAAAAAAAAAAAAAAAAAAGAAGGCAAACUGAGAGGAAAGCAAAAGCAAAAAAAAGCCAAAAAAAGCGCGCCGCGAAAA, 9707805
AAAAGGCGGCCUAAAAGGAAGGAAAAAAAAAAAAAAAAAACAAGGGAAACCGAAAGGAAAGGGAAACCAAAAAAAACCCAAAAAAACCGGGCCGCCAAAA, 9707805
AAAAGCGGCCGGAAAAGCAACAAAAAAAAAAAAAAAAAAAGAAGGCAAACCAAAAGGAAACCAAAAGGAAAAAAAAGCCAAAAAAAGCCCGGCCGCAAAA, 9707805
AAAAAUAUAUAGAAAAGCAACGAAAAAAAAAAAAAAAAAAGAACGCAAAAUGAAAAUAAAAUGAAAAUAAAAAAAAGCGAAAAAAAGCCUAUAUAUAAAA, 9707805
AAAAAUAAAUAUAAAAGCAACGAAAAAAAAAAAAAAAAAAGAAGACAAAUAGAAAUAAAAUAGAAAUAAAAAAAAAGUCAAAAAAAGCAUAUUUAUAAAA, 9707805
AAAAGCGGCCGGAAAAGCAAGGAAAAAAAAAAAAAAAAAACAAGGGAAAGGAAAACCAAAGGAAAACCAAAAAAAACCCAAAAAAAGCCCGGCCGCAAAA, 9707805
AAAAUAUAUUAUAAAAGCAACUAAAAAAAAAAAAAAAAAUGAAGCGAAACAGAAAUGAAAGUGAAAACAAAAAAAACGCAAAAAAAGCAUAAUAUAAAAA, 9707805
AAAACCCCCCCGAAAAGCAACGAAAAAAAAAAAAAAAAAAGAAGGGAAACCGAAAGGAAAGGAAAACCAAAAAAAACCCGAAAAAAGCCGGGGGGGAAAA, 9707805
AAAAGUUUUUUGAAAACCAACAAAAAAAAAAAAAAAAAAAGAAGCCAAAGGAAAACCAAACCAAAAGGAAAAAAAAGGCAAAAAAAGGCAAAAAACAAAA, 9707805
GGGAAACCAACAAGCAAGUUGUGUUGCAAGCACACCGAAAGUAUGAAAAUAUAGGAGUGACCCCCGACCGGUGACCCCUGACCAUAUGUGCGCAUAGCGCGAGCGCGAGACCAUGGAUAUAAAAUAUAGUGCGCUCGGACUCGGACUAUGGACACAUAUGCGCAGGGCGCACCGCGCGGGGCGCACUCCACGGAAACCAAGUGUUGCAGUAGCGCAGUAUCGCAGUCAUGCAGUAUAAUGACCUAUGACCAUGACCUAGCGCAUAGUAUUAGAAAUAAUAUGGGUGGACUAGCGCAUGCGCAUAGCGCAUUAUAGGAGAUGAGGAGGAUAGGAGGCUAGGAGAACACAUAUAGAAAUAUAAAAUGGAGUGAAGGUGAGGUGAAAGGAAGGGACCGAAAGG, 9707809
GCGAAAGCAACAAGCGAACUGGGCUGGAAGCCGAGGGAAAGGAUGAAAAUCCAGAAAUGCGCUUUGACCAUUGACCUUCGACCAAAAAGGCGCGAUGCGCUUGGACUUGACCUGAAGUAGAAACUACGCAGCGCAAGCGCAAGGACAUCGGACCUUUUUGCGCGAAGCGCAAUGCGCAAAGACCAUUUCACCCAAAGGCAGCAAGGCAGCUACGCAGCGUCGCAGCUUCGGAGCUAGAAGCGCUAUGACCUUGACCUUGCGCUGGGUAUUCGAAAGAAUACAACAGGACAAGCGCAAGCGCAUAGACCUUCUAGGCAGGAAGGGAGGACGGGAGGUAGGGAGCUUGCAGAUGGAAACAUCAAAGCCACGGAAGCUGGGCUGGGAAGAAGGAAGCGAAAGC, 9707809
GCGAAAGCAAGAAGGGAAGUGCGGUGGGAAGUCAGUAAAAGUAUGAAAAUACAGUAUAGACCUAUGACCUAUGACCUAUGACCUAUAUCCCGCAUACCGCGGCCGCCAGACCUGAGGAUGAAACAUCGCAGCGCUGGGCGCCGGCGUAUGGCGGAUAUAGCGCAUAGCGCAUAGCGCAUAGCGCUAUACAUACAAAGUAAGUAUCGGAGCAGCGGAGCCGCGGAGCUGCGGAGCAUAUAGACCUAUGACCUAGACCUACCGCACGCUAUACGAAAGUAUAGGAGUGGCGUAGCGCUAGCGCAUAGCGCUAUAUGGCAGGCAGGCAGGCGGGCAGGCUGGCAGGAUACAGUAUGAAAAUACAAAUACAGACGAACUGCGGUGCGAACAAGCAAGCGAAAGC, 9707809
CCGAAAGGAAGAAGGGAACUGCGCUGCAAGCCCACGCAAACCCGGAAACGGGACCCCCGCGCGGGGCGCCGGGCGCGGGGCGCGGGCGGGGACGGCGGACGGGGACGGGACCCCAGCCCCAAAGGGGAGGGCGCCCGCGCCCGCGCGCCGCGCCCGCCCGACCCCCGACCCCGGACCCCCGACCGGGGGAGCGAAACCGAGGCCGGGAGCCGCGGAGCUCGGGAGGUCGGCAGCCCGGGGACCCCCGACCCGGACCCCGGACGGACGGCCCGAAAGGGCCGAACCGCGCGGGCGCCGGCGCGGGGCGCCCCGGGGGAGCGACGCAGCGAGGCAGGCGGGCAGCGGCCAGCCCGAAAGGGCAAACGGAGGGAAGGUGGGGUGGGAACAAGCAAGGGAAACC, 9707809
GGGAAACCAAGGAAGGAAGUGCACUGGGAACCGAGGGAAACGCCAAAAGGCGAGCGGGGACCCCCGACCGGGGACCGGGGACCGGCCCCGGCGCGGGGCGGCGGACCGGCGGCCGACGGCAAAGCCGAGGCGCCCGGCGCGCCCGCCCGCCGCGGGGCCGCGCCCCGCGCCCCGCGCGGGGCGCCCCGCACCCAAACCCAGGGCGGGAGGCCGGCAGCCGCGGAGCGCCGGAGCAAUAGCGCCCCCGCGCGGCGCCGAGGACUCAGCCCCGAAAACGGGGCAAGAGCGCUCGCGGCCGACCGGGGCGGCUAUUGGCAGGGCGGCAGGCGGGGAGCGGCGCAGCGCCCAGCGGAAAACCGCAAAGGGACGGGAACUGGAGUGCGAACGAACAACCGAAAGG, 9707809
GCGAAAGCAAGGAACGAACUGAGUUGAAAGCACAGACAAAGUAUGAAAAUACACAUAUGCGCAUAGCGCUAAGCGCAUAGCGCUUAAUUGGACAAAGGACUAGGACAUGCGCUGGGGUAUAAAAUACACAGACCAUGCGCUAGCGCUUUGCGCAAUUAAGACCUAUGACCUUAGACCUAUGACCAUAUGAGUCAAACUGAGUUUAGCAGAUACGGAGUUAUGCAGUAUUGGAGGAUUAAGCGCAAUGCGCAUGCGCUAGGACUAAUAUAUAGAAAUAUAUAGGUAGCGCUAGACCAUGACCAUUGACCUUAAUCGCAGAAUAGGAGAUAAGCAGGUAUGGAGUAAACAGUAUGAAAAUACAAACAGAGUGAAGUUGAGUUGGGAAGGAACAAGGGAAACC, 9707809
GUUGGAUAUAAAAAAAAUGAUUGUAGUAAAAAGGAAACAGAAUAUAUAAAAAAAAAGUAAAAAGGAAUGAAAAAUUUAAAAAGGCAAAAUUGGUAAAAAAAGUGAGAAAAAUUGCAAGUUGGUAAAAAGGGAAACCAGUUCAAAAAGUAAAAAGUUGAUGCAAAGGAUUGGAAAAGUACAGUAUAAGCAAAAAAGAUGUGAUAAAAUGGUGUAAAAAAGGAAGGUAUAAAAAAAAGAAUAAAAGGUAUAUAAAGUAUAUAAUUGGCAAAAAAAAAAAAUUGGUAAAAAAAACGUGCCGGGAAACCGAAUUCAAAAGAGAAAAAAAUAAAAGGAAUUCAAGGUGCAAAGUAUAUUUAAAAAAAAAGUAUGGUGAAAAAAGGAAAAAACAAUAUUUGAUA, 9707812
CCAAGCCGCAAAAAAAACGGCUGGGGCAAAAAGGAAACAGUGGCGGCAAAAAAAAAGCGAAAAAUGGCGAAAAGCCAGAAAAAGCAAAGGAAGGAAAAAAACUGCGAAAAAGUGGAAGCUGCGAAAAAGCAAAAGCAGCCGAAAACCGCAAAAACUGGGGCAAAGGCCUGGAAAAAGCGAGGGGAAACAAAAAAAGUGCGCGAUACGGGUGCGAAAAAGGGAACCCCAAAAAAGACGGCAAAAACCCCCCAGUGGGGGGACGUGGCAAAAAAAAAAACCGACCAAAAAAAAACUGCCCCGAAAGGCCGGGCAAAAAGGAAAAAAACAAAAAGCCCGGAAGGUGGAAAGCCGCCACAAAAAAAAGGCCUGGCGGAAAAACGAAAAAAGAGCGGCAAGGA, 9707812
AUAGUUAUCAAAAAAAAUGAUUGAUGCAAAAAGGAAACAAAAAAUUCAAAAAAAAAGUGAAAAAUUAAGAAAAUUAAGAAAAAACAAAGAUGACAAAAAAAGUGCGAAAAAGUGCAAGUUGGCAAAAAGUGAAAACAGAACAAAAAGACAAAAAGUGCAGCAAAGGUGUGCAAAAAGUCAGUUUAAGGAAAAAAGUUGUGCGAAACGGAUGAAAAAAAGCAAGAAACAAAAAAAAGUUCAAAAAGUUAACAAAGUUAACAGCUGACAAAAAAAAAAAGUUGUCAAAAAAAAAGUGAGGGGAAACCGAUAAAGAAAAGGAAAAAAACGAAAAUUUAUCAACUUGCAAAGAAUUUUUAAAAAAAAGGAUUGAUGAAAAAAGGAAAAAACAGAUAAAGAUA, 9707812
CGUGCAUAUAAAAAAAAUGAUUGAUGAAAAAAGGAAACAUAUAUAUAAAAAAAAAAGCAAAAAGUAUAGAAAAUAUAAAAAAGGCAAAUAUGAUAAAAAAAGUGCGAAAAAGUGCAAAUUGACAAAAAGCGAAAGCAGUACAAAAAAUAAAAAGUUGAUGCAAAGGAUUGAAAAAGUAUAAUAUGAAGAAAAAAGCUGGAUGAAACAACUGGAAAAAAGCGAAAUAUAAAAAAAAGUACAAAAAGUAUACAAAGUAUACAGUUGAUAAAAAAAAAAAAUUGUAAAAAAAAAAGUGGUGUGAAAACGUAUAUGAAAACGAAAAAAAGGAAAAAUAUACAAACUGCAAAUAUAUAUAAAAAAAAAUGAUUGAUGAAAAAAGGAAAAAACAAUAUGUGCGA, 9707812
CGUGGCCCCAAAAAAAACGGGUGCGGCAAAAACAAAAGACCCCCCCCAAAAAAAAAGCAAAAAGCCCCGAAAAGGGGAAAAAGGCAAACCUGCCAAAAAAACUGCGAAAAAGUGGAACCUGCCAAAAACGGAAACGAGGGGAAAAAGCGAAAAAGUGGGGCAAAGGCCUGCAAAAACGCACGCGGAAGAAAAAAGCUGCGCCAAAGGGGUGGAAAAAAGCGAACGCGAAAAAAAACCCCAAAAACCCCCCAAAGGGGGGAGGUGGGAAAAAAAAAAAGGUGGGAAAAAAAAAGUGGGGGGAAACCGGGGGGAAAAGGGAAAAAAACAAAAGCCCCCCAACCUGCAAAGGGGGGGGAAAAAAAAGGCGUGCCGGAAAAAGGAAAAAACAGGGGCUGCGA, 9707812
AUUGAAAACAAAAAAAAGGAAUGAUGUAAAAAGGAAACAUAAAUUAAAAAAAAAAAGCAAAAAGAAAUGAAAAAUUUAAAAAGGCAAACAUGACAAAAAAACUGGGAAAAACUGGAAGUUGACAAAAAGCGAAAGCACUUCAAAAAAACAAAAGGUGGUGCAAAGGACUGCAAAAGGUUAAUACAAGGAAAAAAGCUGAGACAAAGUGUUGGAAAAAAGCAAGGUAUAAAAAAAAGAAGAAAAAGUAUACAAAGUAUACAGUUGACAAAAAAAAAAAGUUGUGAAAAAAAAAGUGGAGAGAAAUCGAAUACAAAAGAGAAAAAAAUAAAAGGUAUUCAAUCUGCAAAUUAAUUUAAAAAAAAAAGAUUGUUGCAAAAAGGAAAAAACAGUUUUUGAUA, 9707812
AUUGAAUACAAAAAAAACGAUUGACGCGAAAACGAAAGAUUAUAUAUAAAAAAAAAGCGAAAAAGUAUGAAAAAUACGAAAAAGCGAAGUUGACGAAAAAAGGACAAAAAAGAACGAGUUGACAAAAAGAGAAAUCAGAUCAAAAAGACAAAAGCAAACGCAAAGGGUAGGAAAAAGUCAGUACAAAGGAAAAAAGGACACCAAAGGAGGACGAAAAAACGAAGUACAAAAAAAAGAUCAAAAAGAUAUAAAAUAUAUCAGUUGACGGAAAAAAAAAGUUGACAAAAAAAAACGGGCGUGAAAACGAAUACAAAAACGAAAAAAAGGAAAAGUAUUCAAGCAAGGAAAUAUAUAAAAAAAAAAGGGUUGAUGGAAAAACGAAAAAAGGGUAUUUGAUA, 9707812
GGAAGGGGGAAAAAAAAGGGGAAGGGGAAAAACGAAAGAGGGGGCCCAAAAAAAAACCGAAAAAGCCCGAAAAGGGCGAAAAAGGAAAGGAACCAAAAAAACGACGAAAAAGGAGAACGAACCAAAAACGGAAACGACCCCAAAAACCGAAAAACGAGCGCAAAGGGCAAGAAAAACGGACCCCGAACGAAAAAAGGAGAGCAAAGCACGACAAAAAAAGGAAGGGGAAAAAAAAGGGGAAAAAGGGCGGAAACCGCCCAGGAACGAAAAAAAAAAAGGAACCAAAAAAAAAGGAGGCCGAAAGGGGGGCGAAAAAGAAAAAAAACGAAAACGCCCCAACCGACAAAGGGCCCCCAAAAAAAACGCCAACCGCAAAAACGAAAAAAGACCCCCAACCA, 9707812
GCUGCAUACAAAAAAAACGAUUGCAGGAAAAACGAAAGAAUUUAAAUAAAAAAAAAGCAAAAAGCAUAGAAAAUAUGAAAAAGGCAAACUUGACAAAAAAACUGAGAAAAAUUGGAACUUGACAAAAACAGAAAUGACAUCAAAAACACAAAAGCUGACGCAAAGGGUUGGAAAAGGUGACUAGGAACAAAAAAGGUGCGGCAAAGCGGUGCAAAAAAGGGAACUAGAAAAAAAAGAUGAAAAAGUAUAUAAAAUAUACAGUUGAGAAAAAAAAAAAGUUGAGAAAAAAAAAGUGAGCUGAAAAGGUAUAGGAAAAGAAAAAAAACGAAAACUAUACAACUUGCAAAAUUUAAAUAAAAAAAACGUGUGAUGGAAAAAGGAAAAAACAGUAUGUGGCA, 9707812
AAAAAACGCACCAGCGAAAGCACCAAAGGAACGGGCAGGACCAGUGAAAACAGCAAAGCAACGGCCAGGACGAGCGAAAGCAGCAAAGCAACCGCCAAAAAAA, 9707814
AAAAAAAGCACGAGGAAAACCAGGAUACCAAACGGCAGGAGGACCGAAAGGAGCAUAGCAAACCCCAGGAGCAGGGAAACCAGGAUACCAAAGCCCAAAAAAA, 9707814
AAAAAAAGGAGGAGCGAAAGCAGGAUACCAAACCCCAGGACCACGGAAACGAGCAAAGCAAAGGCCAGCACCAGGGAAACCAGCAAAGCAAAGGGCAAAAAAA, 9707814
AAAAAAAGGAGGACGAAAACGAGGAACCCAAACCCCAGGACCAGCAAAAGCAGGAACCCAAAGGCCAGGAGCACGAAAACGAGGAACCCAAAGCCCAAAAAAA, 9707814
AAAAAAAGCAGCAGGGAAACCACCAAAGGAAAGCGCAGGACCAGGGAAACCACCAAAGGAAAGGCCAGGACGACCGAAAGGAGCAAAGCAAACGCCAAAAAAA, 9707814
AAAAAAAGCAUCAGAGAAAUCAGCAAAGCAAAGAGCAGGACCAUGGAAACAAGCAAAGCAAAGGCCAGGAGGAGUGAAAACAGCAAAGCAAACCCCAAAAAAA, 9707814
AAAAAAAGGAGCAGCGAAAGCAGCAAAGCAAAGCCCAGGACCAGCGAAAGCAGCAAAGCAAAGGCCAGCACGAGCGAAAGCAGCAAAGCAAACGGCAAAAAAA, 9707814
AAAAAAACCACCACUGAAAAGACCAAAGGAAAGGGGAGCACGACCGAAAGGAGCAAAGCAAACGGCAGGACCAGCGAAAGCACCAAAGGAAAGGCCAAAAAAA, 9707814
AAAAAAAGGAGCAGCGAAAGCAGCAAAGCAAAGCCCAGGACGAGCGAAAGCAGCAAAGCAAACGCCAGGACCACCGAAAGGACCAAAGGAAAGGCCAAAAAAA, 9707814
AAAAAAAGGACGAGCGAAAGCAGCAAAGCAAACGCCAGCAGCAGCGAAAGCAGCAAAGCAAAGCGCAGGAGCAGCGAAAGCACCAAAGGAAAGCCCAAAAAAA, 9707814
AAAAAAAGGAGGACCAAAAGGACGAAACGAAACCCCAGCACCACCGAAAGGACCAAAGGAAAGGGCACGAGCAGCGAAAGCACGAAACGAAAGCCGAAAAAAA, 9707814
AAAAAAAGCACCAGAGAAAUCAGCAAAGCAAAGGGCAGCAGCAGAGAAAUCACCAAAGGAAAGCGCAGGAGGACUGAAAAGACGAAACGAAACCCCAAAAAAA, 9707814
AAAAAACGCACGAGCAAAAGCAGCAAAGCAAACGGCAGGAGGAGCAAAAGCACGAAACGAAACCCCAGCACCACGAAAACGACCAAAGGAAAGGGCAAAAAAA, 9707814
AAAAAAAGGACCACGGAAACGAGCAUAGCAAAGGCCACCACGAGCGAAAGCAGCAUAGCAAACGGGACCAGGACCGAAAGGAGGAUACCAAACCGGAAAAAAA, 9707814
AAAAAAAGGAGCAGGGAAACCAGCAAAGCAAAGCCCAGGAUCAGGGAAACCAGCAAAGCAAAGACCAGGACCAGCGAAAGCAGCAAAGCAAAGGCCAAAAAAA, 9707814
CGUGCAAGCGAAAGCAAGAUAGUGGGAUCAAAGAUGACUGCGGAUCAAGUGGGAAACUGUAGUGCGAAAGUGUAAAAAGGGAAACCAAGUGCGAACCUGGAAGGGAAACCAAGUGAGUGGGACCAAAGGUGACUGCGGCACAAGUGCGAAAGUGUAGUGGGAAACUGUAAAAAGCGAAAGCAACUGGGAAGGUGCAAGCGAAAGCAAGAUAGUGGGACGAAACGUGACUGCGGGUUAAGUGCGAAAGUGUAGUGCGAAAGUGUAAAAAGGGAAACCAAGUGCCAAGGUGCAAGGGAAACCAAGCUAGUGGGGCCAAAGGCGACUGCGGAGUAAUUGCGAAAGUGGAUUGGGAAACUGGAAAAAGGGAAACCAAGUGCC, 9707816
GCGACAAGAGAAAUCAAGCAAGGAGAAUCAAAGAUGACGACGAUGCAAGGACGAAAGGACAGGAGGAAACGACAAAAAUGGAAACAAAGGAGCAAGAGACAAGCGAAAGCAAGUAACGACAAUCAAAGAUGAGGAGGAUACAAGGAGGAAACGACAGGAGGAAACGACAAAAAGUGAAAACAAGGAUCAAGGGAGAAUGGAAACAAAGUAGGGACGAUCAAAGAUGAGGACAGUACAAGGAGGAAACGACACGACGAAAGGAGAAAAAGAGAAAUCAACGACCAACGGACAAGUGAAAACAAAUCAGGACAUACAAAGUAGAGGACAGGAUAACGACGAAAGGAGAGGACGAAAGGACAAAAAGGGAAACCAAGGACG, 9707816
GCUGCAAGGGAAACCAACCGAGUGGAGCCAAAGGCAACUGCAACGGAACGAGGAAACGAGAGGAGGAAACGACAAAAAGGGAAACCAAGUGGCAAGCUGCAACCGAAAGGAACCGACUGCACCCAAAGGGAAGUGGAACGGAAGUGCGAAAGUGCACUGGGAAACUGGAAAAAGGGAAACCAAGUGGCAAGCUGCAAGCGAAAGCAAGACGGUGGGGCGAAACGCGACUGCAGGUCAAGUGGGAAACUGCAGUGGGAAACUGCAAAAAGCGAAAGCAAGUGGCAAGGUGCAACCGAAAGGAAGGGACUGCACGGAAACCGAAGUGGAACCCAAGUGCGAAAGUGCAGUGGGAAACUGCAAAAAGGGAAACCAAGUGCC, 9707816
GCUGCAAGGGAAACCAAGCAAGAACACACAAAGUGGGGGGCGGUGCAAGUGCGAAAGUGCAGUGCGAAAGUGCAAAAAGGGAAACCAAGUGGCAAGCUGCAAGCGAAAGCAAGAUACUGGAGUAAAAUACGGCUGGAAAUCAAGUGGGAAACUGCAGUGCGAAAGUGCAAAAAGCGAAAGCAAGUGGCAAGCUGCAAGCGAAAGCAAGACGCUGGAGUAAAAUACGGCUGGAAGUCAAGUGCGAAAGUGCAGUGCGAAAGUGCAAAAAGAGAAAUCAAGUGGCAAGCUGCAAGAGAAAUCAAGACGGUGAAGUAAAAUACGGUUGCGAGUCAAGUGGGAAACUGCAUUGGGAAACUGAAAAAAGAGAAAUCAAGUGGC, 9707816
GGUGGAAGCGAAAGCAAGCCAGUGGAUGCAAAGCAGGCUGCGGGGCAAGUGGGAAACUGCACUGCGAAAGUGGAAAAAGCGAAAGCAACUGCCAAGGUGGAAGCGAAAGCAAGGGAGUGGAGGCAAAGCCGGCUGCGGCCCAAGUGGGAAACUGCACUGCGAAAGUGGAAAAAGCGAAAGCAACUGCCAAGGUGGAAGCGAAAGCAAGGGAGUGGAGCGAAACGCGGCUGCGGCCCAAGUGGGAAACUGCACUGCGAAAGUGGAAAAAGCGAAAGCAACUGCCAAGGUGGAAGCGAAAGCAAGGGAGUGGAUCGAAACGAGGCUGCGGCCCAAGUGGGAAACUGCACUGCGAAAGUGGAAAAAGCGAAAGCAACUGCC, 9707816
GCUGCAAGAGAAAUCAAGGUACUGGAGUCAAAGACGGCUGGGGACCAAGUGAGAAAUUGCACUGAGAAAUUGGAAAAAGUGAAAACAAGUGGCAAGCUGCAAGGGAAACCAAGAUACUGCACAGAAACUGGGGUGGGGAUCAACUGAGAAAUUGGAGUGAGAAAUUGCAAAAAGUGAAAACAAGUGGCAAGCUGGAAGUGAAAACAAGAGAGUGGACACAAAGUGGGCUGCGGCUCAAGUGGGAAACUGCAGUGAGAAAUUGCAAAAACUGAAAAGAACUGGCAAGUUGCAAGAGAAAUCAACUAACUGGAGUCAAAGACGGCUGGGGUAGAAGUGGGAAACUGCACUGAGAAAUUGGAAAAAGAGAAAUCAAGUGAC, 9707816
GCUGCAACCGAAAGGAAGGGAGUGCAGGCAAAGCCGAGUGCGACCCAAGGACGAAAGGACAGGACGAAAGGACAAAAACGGAAACGAAGUGGCAACGGAGAACCAAAAGGAACGCAGGACACCGAAACGGGAGGACGAGCGAACGACGAAAGGAGAGGACGAAAGGACAAAAAGCGAAAGCAACGACGAAGCGAGAAGCGAAAGCAAGCCGCGACACGGAAACCGGAGGAGAAGGCAAGGAGGAAACGACAGGAGGAAACGACAAAAAGGGAAACCAACGAGCAACGUGCAAGGAAAACCAACCCACGACAGCCAAAGGCGAGGAGAAGGGAAGGACGAAAGGACAGUGCGAAAGUGCAAAAACGGAAACGAAGUGCG, 9707816
GGAUGCGGGCGUGAGGCUAGGAUUGGCGAGGCGCGCGCGAAAGACCGACCCUGGACUGACAUGCCUCACAGAGGGUGGACUGGGAGGGCGCGUCGCUGCGCAGACCGAAAGCGCUGACCAGGUACGACCCCACACUGGCUGCGGGAAACCAACCUCGGGGGAUGCAAAGCAUCAGGUUCAAAGAACCCGCGAAAGGGACCCCAGCCCAGCCCAGGAGAAACUAAUAUAAAGUAUUAGAGCAUAAACUAUGCCUCCGGAUUAUAAAAUAAUCCAGAUAGAAACUAUCGGGCCUCCAACCGAAAGGCUGCAGGAUGAGAGAUGACCAGACCGAAAGCGCUGCGCAUGUGAUUGUAUGUGGGGAGAGCAUCCA, 9707820
GCCCCGGGGGCUGACAUAAAGAGUGCCGUGGACCGACCGAAAGCGCGCGCCAGGAGUGCCGGAUGUCAGAGGGGGUGGACUGGCGAGGACCUGGACCGACCUGACCGAAAGCGCAGCGCGGCGCAGCGCCUGGACUGGCUGCGCGAAAGCAACCCCGGGCCCAGCAAAGCUGGAGGUGCAAAGCACCCGCGAAAGGGAGCCCACCCCACCACAGGGCAAAGGCGGGCAAAGCCCGCCACCUGCAAAGCAGGGCCCCCCCCCGAUACGGGGGGAGGUCCAAAGGACCGUGGCCCCAACCGAAAGGGUGCCGAGUGGACGGAGCGCUGCGCGAAAGACCAGACCUCGGGACUGCAGGUGCGGGGACGGGGCA, 9707820