puzzle_id,solution_id,sequence
6141752,6141762,CGGGGAAAAAACCCCG
6141758,6141883,GUUUUUGAAAAGUGAAAAAAAAAAACACGUUUUUUGAAGUUUUUUUUUUUGGUUUUGAAAGUUUGAAAAAACAAACACAAAACACAAAAAAAAAAACAACAAAAAACAACAAAAAC
6141785,6141908,GGGCGGAGGGUGAAGGCCCCCGACUCAAAAAAAAAA
6145454,6145466,UAUCAAUAUAAUAUGAUAUAUGAAAAAAAAAAAUACGUAUCGCGAAAAAGACAUAUCAAAAGACAUGUGUAUAUGAAAAAAAAUAUAUAUAUAAAAGUCGAUAUAAAAGUCCGCAAAAGAUACAAAGUAUAUGAAAAAAAUAUACGUAUGAAAAAAAAAAAAUGUGUGAUAUAAAAUAUAUUAAAGAUAAAA
6145456,6145474,AAUGGAGUUAUAUGAGAGUGUGGAGCGAAAAAAAUAAGAAUAGACAUAAUAUAGAAAUAUAUAAAAUAUGCUACUUAAAUAUAUAUAGAAAUAUAUAUAAA
6145460,6145489,GCUAUACGUACGAAAAAAAGUACAGCGAAAAAAAAAAAAAAGCAAAAGUAUCGAAAAAAGAUACGUAUGGCAAAAGGUAUACAAGUAUGAAAAAAAAUACGUAGAAAAAAAAAAAAUACAAAAAUAUAGAAAAAAUAUAUGUAUACCAAAAGAUAUGCAAGUAUGAAAAAAAAUACAUAUAUGAAAAAAAUAUAUAAAAAUAUAGAAAAAAUAUAUGCAUAUCAAAAGAUAUACAAGUAUGAAAAAAAAUACAUAUAUGAAAAAAAUAUAUAAAAGUAUAGAAAAAAUAUACGUAUAUCAAAAUGUGUGUAAGUAUGAAAAAAAAUACGUAUAUGAAAAAAAUAUACAAAAGUAUCGAAAAAAGAUACAUAUAUAAAAA
6155338,6155439,AAAAACCCCCCCCAAAGGGGGGGGGGAACCCCAAAAAAAAAAGGGGAAGGGCAAAAAAAAAAGCCCAAGGGGAAAAAAAAAACCCCAACCCCCCCCCCAAAGCGGGGGCGGAAGGGGAAAAAAAAAACCCCAACCCCAAAAAAAAAAGGGGAACGGGAAAAAAAAAACCCGAACCGCCCCCGCAAAGGGCCCCCGGAACCCCAAAAAAAAAAGGGGAACCCCAAAAAAAAAAGGGGAAGGGGAAAAAAAAAACCCCAACCGGGGGCCCAAAGGGGGGGGAAAAA
6155347,6155401,GUAAAAAUUACA
6155382,6155457,GUGAGGGCCCGAAACGGGAACCCCACAAAGGGACGGGCCGAAACGGCAACCGCCCAAACCCACCCGGGGAAACCCCAAGGGGGGAAAAUCACACCCCCAAAGGGGAAGUGGAUAAACCGACCCCCCCAAAGGGGAAGGGCGGAAACCCAGCCCCCCAAAGGGGAAGGCGGGAAACCCAGGUGCCCAAAGGGCAAACCGGGAAAGGGAGGGCCCCAAAGGGGAACCCCCCAAAGGGAGGGCGCGAAACGCGAACCCCCC
6158730,6158739,AAAAAAAAAAGUCUGAAAAGAUGGCUGAAGGGCUGAUCAAUGAUC
6158732,6158742,UAAUAUGGCGCAUACGAAAGUAUGACGACGAUAUUA
6158733,6158750,GUAUGAAAAUACAAAGAUAUAUAAUAUUUAUAAAAAAAGUAAAUAAUAUAUUAAAGUAUAUAUAAAAAAGAUUUAUAUAAUAUUAAAAAAAGAUAUUAAUAAAUUAAAGUAAAUAAUAAUUUAAAAAAAGAAUUAUAUAUUUAUAAAAAAGUAUAUAUAAAGUUAUAAAUGUUAUAAAAAAAGUAAUAUAAUUAUAAUAAAGAUUGAAAGAUC
6162826,6162834,UAUAUACCAUAUAAUAUAUGAUAUACAAAGUAUAUAAAACAUAUAUAAAAUAUAUGAAAAGUAUAUA
6162827,6162838,GGAAAGCAAAGGGAAACCAAAUCGAAAGAAAAGAGAAAUCAAAGGGAAACCAAAUGGAAACAAAAGAGAAAUCAAAGCAAAGAAACAACAACAACAAC
6162828,6162851,GCCGCGAAAAGCAAGGGAAAAAAAACCGGC
6166698,6166736,GGAAAAAAAAAAGGGAAACCAAAGCAAAGCGAAAGCAAGAGAAUAGAAAUAGAAUCAAGGGAAACCAAAGCAAGCGAAAGCAAAAAAAGAAACAACAACAACAAC
6166699,6166782,GGAAAGCAAAAGAGAAAUCAAAAGCGAAAGCAAAAGAGAAAUCAAAAGCGAAAGCAAAAGAGAAAUCAAAAGCGAAAGCAAAAGCAAAGAAACAACAACAACAAC
6166702,6166780,GUGGUCGAAAACUCGAAACAGGAAGAUAGGAAAAAAAAAAAACUGUCGAAACUGGAGAGGAGAUUAC
6184374,6184435,AAAAAGAUGACUCCUAAAAAGAGAGACAGAGAAAAAAUUCCUGAGAACCUAAAAAGAGUUCAGCCUUAAAAAAGAGCCAUCAAAAAAGAAACAACAACAACAAC
6184375,6184428,AAUUAAGAGAGAGAGAAAUUUAAAAAAAUUUCCCCCUUAAUU
6184376,6184442,GGAAAGAUGCAAGAAAACUUGGUUGACAAAAAAAUUUGGUUAAAAAAUUAACAGUUCAAAAGAACCAACGUUCAAAAGAACCAUCAAAGAAACAACAACAACAAC
8909986,8910113,GGAAAAGCAGGGACUGACAAAGAGGACGGAAACGCUGACAAAGAGGAGCCGAAAGGAGCUGACAAAGAGGGACCGCAAAAGAAACAACAACAACAAC
8909997,8924280,GGUAAAGGGACCAGGGGAAAUGAAGUGCUGCGAAAGGAGCAAAGCCCCCAGGCAAAAAAGCGCUAAUGCGUGCGGGUCGCAAAAGAAACAACAACAACAAC
8910003,8910161,CCGAACCGAAAGCAAAAACCAAAAAAAAAGCGAAAAAAAAAAAAAAAAAAAAAAAAAAAAAGCGAAAAAAAAAAAAAGGGGAAAAAAAGGCGAAAAAAGGGAAAGGAAAA
8928807,8928814,GGAAAGGCAUCAAUAUAUGAAAAAAAAUAUAAAGACAUACAGUAUAGAAAAUAUACAAUAUGAAAAUAUAGUAGUCAAGAUGGCAAAGAAACAACAACAACAAC
8928809,8928830,AAGUUAAUAUGAAAAGUAAUUAAUAA
8928846,8928872,AAAAAGUUUCGUUUUGAUGAAUUUGUAUUAUAUUAUAUGAUGAUGAUGAUGAUAGAAAAUGCACACACACAGUAGAUAGAUAGAUCAUAGGAUAGGCAAAAA
8935079,8935218,GCCUCGGUACCGUAAGG
8935086,8935224,AAAAACCGGAGGCCGAAAACGGCCACCCAAAAGGGACCAGGAAAAGGGGACCCAAAAGGGAGGGAAAACCCACCCCAAAAAAAAAAAAAAAAAAAA
8935100,8935226,AUUAUAAGUAUAAAAUAUAUAAAAUUAUAAA
8935109,8935196,AUAUCGAUAUUCGCUAUUAGCUAUGUAGCAUCUAGGAUACAAAAGAUAUAGAAAAAUAUAUCGGUAUCUAGCAAUAAAUAUAUAUAAAAUAUAUAAUUGUAGGAUGUAGCAUAAUAUAUAAAAUAUAUAUAAAUAUGUAGCAUAGAAAAUAAUAGAAAAGAAUAUAAAAGAUAU
8935111,8935258,AAAAAAAAAAAAAAAAAAAAAAAAAAAAACCCCAAAAAACCCCAAAACCCCAAACCCCAACCCCACCCCAAAAAGGAGGAGGAGGAAGGAGGAAAGGAGGAAAAAGGAGGAAAAAAGGAGGA
8935113,8935244,AAAUAUUAAAUUUAGAAAAUAAAUAAAUGUAAAAUACAUAAUUAUUAAAAAAAUAAAAAUAUAAAAUAUAUAAUUAUAGAAAAUAUAAAAAAUUAGAAAAUAAUUAUUUUUUUGGGGGGGGGUAAUUUAAUUUACAGUGUUGGGUAUAUAUGAAAAAAAAAAAAAUGUGAAAAAAAAAAAAAAAAAAAAAAAAAAAAAAAAAAAAAAAAAUAUGAAAAAAAAAAAAGUAUAAAUGGGAAAUUAUUAUGGGUUAUUUUUUUUUAAGGGGAAAUAAAUGAAAAAUUUAAAUAUAUGAAAAAUAUAAAAAAAUGAAAAAUUUUAAUAAAUGAAAAAUUUAAAAAUUAGAAAUAAUUAAUUUAUGAAAAAUAGAAAAUAAAA
8935115,8935265,AAAAAGUAUAAGAGAGUAGUAUUUUUUUGAAAAUAGAGAGAUCACCCUGUGCAAAAA
8935120,8935268,GGAAACCCCGGCGAACGGGAAAACCCGAACGCCACCCCGACAAAGGAGGGGAGCCCAACAACCCAAAAAGGGAAGGAGGGCGGGGAAAGAAACAACAACAACAAC
8935128,8936299,GCGAAAGCAGCUACGGUACGGAAACGAGGGAAACC
8935130,8935208,AAAAAUAUAUAUAAAGUUGAAAGUACAAACGAUGAAAAAAAGUAUAUGAAAAAAAAAAAGUGUGAAAAUCGAAAAGAUCGAAAAAAAAAGAUUAAAGUACAAAGUCGAAAAAAAGAUAAACAACAAGCGAAAAAGUAAAGUAUAUAAAAAA
8935132,8935397,AAAAAGUAUGAGGCAGCCAGUAUGGCAUGGUCAGGCAAAGCGGAAAUGAAUAGGGGGCGCAUACAAAAAAAAAAAAAAAAAAAAA
8935137,8935399,AAAAAAAGGAGAGAGGGGGGGGAGGAAACACCGCCGCGUGUGUGC
8935139,8935376,AAAAAGUACAGUAGAAAAAGAUAAAAUAUCGCUACAAAGUCAAGUCCUGAAACAGAAAGACGUCGUGAAACACAAAGACAGACAAAGAUAAAUAUGAAAAUAGAUCAGUAUAAAAA
8935147,8935411,ACGCAGGCAAAGACAGGGAAACCCAGUUGAAAGACAGUCAAAGGCACGGGAAAUCGAGGUAAAGCCAGCCAAAGUCAGCUGAAAGGCAGAGAAACUCAGACAAAGCCAGGGAAACCCAGCGAA
8935152,8935468,GGAAAGACAGUAAGGAAACUCUACGUGCGGGAAACCCACAGUCAAAGAAACAACAACAACAAC
8935158,8935288,AAAAAAACCAAAAAAAAACCAAAAAAAAACCAAAAAAAAACCAAAAAAAAACCAAAAAAAAACCAAAAAAAAACCAAAAAAAAACCAAAAAAAAACCAAAAAAAAACCAAAAAAAAACCAAAAAAAAACCAAAAAAAAACCAAAAAAAAACCAAAAAAAAACCAAAAAAAAACCAAAAAAAAACCAAAAAAAAACCAAAAAAAAAGGAAAAAAAAAGGAAAAAAAAAGGAAAAAAAAAGGAAAAAAAAAGGAAAAAAAAAGGAAAAAAAAAGGAAAAAAAAAGGAAAAAAAAAGGAAAAAAAAAGGAAAAAAAAAGGAAAAAAAAAGGAAAAAAAAAGGAAAAAAAAAGGAAAAAAAAAGGAAAAAAAAAGGAAAAAAAAAGGAAAAAAAAAGGAAAAAA
8935166,8935295,GGAAACGAGGGAGGGGCAUCCGAAAGGAUCCGAAAGGAGCCAAAAACCCCCCGAAAGGGGCCGAAAGGCAGGGCCGACCACGAAAAGAAACAACAACAACAAC
8935172,8935300,AAGUACCAUCAAAAAGGUGUUAGAAAAACUGAGUGCAA
8935183,8935306,GCCCCCGGGAAAACCCGGCCCCAAAAGGGGCGCCCCAAAAGGGGCGGGGAAAACCCCGGGGCA
8935186,8935312,AAAAACGCCGGGCAAAGCCCACCCCGGGGAAACCCCAAGCCCAAAGGGCAACCCCAAAGGGGGGGGACGGGAAACCCGGGCGAAAAAAAAAAAAAAAAAAAA
8935192,8935318,GGAAACGGCGCCCGGAGGAAACUCCGCGCAAAAGCGCGGGCGCGCCCGCAAAAGCGGGGCCAAAAGGCCGCGCGCCGAAAGAAACAACAACAACAAC
8935194,8935320,GGGGACCCGACCGAAAACGGACGCGAAAGCGACGGGAAACCGACGGGAAACCGACCCAAAAGGGAGGGAAAACCCACGGGAGGGCCAAAAAAGGCCCGGCAAAAGCCCCCC
8935198,8935328,CAUCGAUAAGAAAUUAUCCUUAAGAAAUUAAGGGCCCGAAAGGGCCGCCCCGAAAGGGGCGAUAUGAAAAUAUCGUAUAGAAAUAUACGAUG
8935202,8935349,UAUAUGACAUGGGGAAAUUUAUGACCAGAAAUGGACCCGAAAGGGAGUGGGGGAAAUUUUACACCGGAAACGGACAUGGGGAAAUUUAUGAGCGGAAACGCACCCGAAAGGGACAUUUUGAAAAAAAUGAGGGGAAACCCACAAAUUGAAAAAUUUGACCGGAAACGGAGCCGAAAGGCAGAUUUUGAAAAAAAUCACCGGAAACGGACAGGGGGAAAUUUUUGACCCGAAAGGGACCCGAAAGGGAGUGGGGGAAAUUUUACACCGGAAACGGACAGGGGGAAAUUUUUGACGCGAAAGCGAGCCGAAAGGCAGAUGGGGAAAUUUAUCACAUAUA
8935204,8935389,AAACCGAAAGGAAAAUUUAUUUUUGAAAAAAAAGAGGGUGGAAAAAGUAUGAAAAAUAUAAAAAGUAGAAAUACAAACUGGGGAAAAAAUUUAGAAAAGGCAAAUGGAAACAAAAAACUAGAAAUAGAAAAGAGUGGGAAAAAAUUAUUUAAAAGUAGAAAUACAAAAAUGAGUAAAAAUUGGAAAAAACGAAAAGGGAAAAAAACUUAAAUAGAUGAAAAAGUUUAAAAUUAUGAAAAAUGAAAUACUUAAAAAAAAAAUGGAAACAAAAAAUCGAAAGAAAAAAAAUGUAGAAAAAAAAAUAUAUAAAAAAGCC
8935206,8936852,GUGUGAAAAAUCGGAAAAUCCAGCUACGGUAAAAAAAAAGAGAACAGCAU
8935212,8935437,GGAAAGGGAGGAGAGGGGGAGGGCACGAAACGGCACCCCCCGGGGAAACCACCGGAACCCAAAGGGAAACCCACAACACCCAAAGAAACAACAACAACAAC
8935216,8935466,CUUAAUACUAUAGUCAGGAGCGGAAAAAAGGGUUAAUAAUAAAAAAUAGGGGAAUAAAGUAUUUUUUUUUUUGAAAGGGGGGGGGGGUAUAAGAUGAAAAUCAUAUUUUUUUGAAAGGGGGGAUAAAUAUUAGAAAUAAUAAUUAUUCACUAUUAUAUUAAAAUUUUAAAUAAUACAUGAAAAAUGAUAUUAAAAAAUUAUUAAAUUUUUUUUUUUUUGAAAGGGGGGGGGGGGGUAUUAAUAAUUUAAAUAGAUGAAAAAAUCUAAUAUUUUUUUGAAAGGGGGGGUAUAAACUUAGAAAUAAGAAUUUGUGAUUGAUAUAAUAUUGAGACGAAAGUCCAAAUUAAGUAAAGUAGGAAAUUAUUAUUAUAAUAGAUAUAUAAGAAA
8935222,8935491,AAAAAUAGCUAUAAAUUUGGAAACGGAAAUUUGGAAACGGAAAAUACGAAAGUGUAAAUUGGAAACGGUAAUAUAGUUAAAAAAGUGUGUGUAAUUUGGAAACGGAAAAUUGGAAACGGUAAAGGCGAAAGUUUAAGAUGGAAACAUUAAAUAUAUAUAAAAAAGGGCAGAAAAUUCGAAAGAAUAAAAAGGAAACUUUAAAGAGGAAACUUUAAAUAGGAAACUAUAAUUUGUUUUAAAAAUGACGGUUAAUUACGAAAGUAAAAUUUCGAAAGAAAAAAGAGGGAACUUUAAGUUGGAAACGAUAAAAUUGUUAAAAAAAUGUCAUAAAGAGCGAAAGUUUAAUAUGGAAACGUGAAUUUGGAAACGGAAAUUUGGAAACGGAAAUGUGAUAUAAAAA
8935228,8935501,AACCCCCCGUGAAAAAACGGCCGGGAAAACCCGGCAGGGGGCCAAAAGGCCCCCGGGAAAAAAGCGGGGGGAA
8935230,8936726,ACCAUGAUGAGCAGAUGACCAGUAAAGCGAGGAGUAGUGACAGACAAAAAGGG
8935232,8937538,AAAGGCGAAUCCGAAAACGAAAGCGAUGGACUAAAGGGACAGAAAGUGAAAAAGUGAAAAAAGGUAAAAAAAAGCGAAAAAAAAAAAA
8935240,8935596,GGAUAUAUAUAAAAUGAAGGAAUGUAAAUGAGUGAUGAAAUGAGCAGGCAAAGCAGUGAGUACAAGCGAGUAACAACCACAGUAUAUAAGGAAGGAUUAUAUUAAAACGGAGGAAUAUAAGUGAUGGAUUGAUAGAUGGGGCAAAGCACAGAUGAGAACAGAGCAGUAACCACGAGUGUGAAGG
8935249,8935354,AAAAAGCAUGGUGUAUUAUAGAAAUGUGAUGUCCCAUUUGUGGGUGAAAAUUUAUAGAUAUGCAAAAA
8935259,8936586,ACCAUGAUCAGGCGCUAAGGGUAGAGACAAAAAGGG
8935270,8935340,AAAAAAGAUAAAAAAGUAUAAGAAAAUAUGAAAAAAAAUAGAAGCGAAAGAUAUGAAAAAGAUCAAAAAAAAAAA
8935274,8935978,ACGGUUGAAAAGCAAUGAAAUGGAUGAAAAAAAAAAAAAAAAAAAAAAAAGUUGGUGAAGUUAGUGAAGAGUGAGCAGAGUAAUGUGAAAAAAGCGAAAGUGAAAAAAGCUACGAAAAAUGCAGACCCGAAAAAAUAUGGAUGAUACGACUAAUGGAAAAAAAAAAAAAACGUGGGGGAGUGGAGUAGUAGAGGAAGUCA
8935278,8937289,AAAAAGUACAGUCAUCGAAAGAGCGUAAGCAGACAGUCAGAGAAAUCGCGUAAGCAGACAGACAGAGAAAUCGGGAAACCAGUCAGACAUCGAAAGAGCAAAAGCAGUCAGUAUAAAAA
8935283,8936294,GGAAAGGCGGCGAGUGUGGAAUCACGUCCGGCCCCACCAACCCCAAAAGGGGAACCCCGAAAAAACGGGGAAGGAGGGGCCCGCCAAAGAAACAACAACAACAAC
8935290,8935916,GGGCAAAGCCCGCCACGGGAAACCCUCUCAAGAGAGCCGAAAGGGUGUGGCUCAAAGAGCAACAUCAAAGAUGCACACGGGAAACCCUCUCAAGUAGGCCGAAAGGGAUUCGCUGAAACAGCAAGACCAAAGGUCGAAUCGGGAAACCCCUACAAGGAUGCCGAAAGGGGUAGGAUGAAACAUCAACUACAAAGUAGCUACCGGGAAACCCAUCCAAGCUACCCGAAAGGGCGACGACGAAACGUCAAGUAGAAACUACGUCGCGGGAAACCGUAGCAAGAACCGGGAAACCCCUAGGGAGAAACUCCAACGUCAAAGACGCUAGGCCGAAAGGGGUUCAAGAGAGCCGAAAGGGUGGCGCCCAAAGGGC
8935297,8935908,GCGGGGAAACCAGGGGGAGAAAUCCAAGACCAGUGCAACCAGAAAUGGCCCACCGAAAGGCUCAAAGAGGGGAAACCAGGGCGCGAAAGCGAAGCACAGAACAAGUCGAAAGACGCCACCGAAAGGCUCAAAGAGGGGAAACCAGGCGAAGAAAUUCAAGUUCACUACAAUCCGAAAGGACUCACCGAAAGGCACAAAGUGGGGAAACCAGAGGUGGAAACACAAGUAGAGUACAAGAGGAAACUCGGCACCGAAAGGCACAAAGUGGGGAAACCAGCCGUGGAAACACAAGUACAGAUCAAUUGGAAACAAGCCACCGAAAGGCUCAAAGAGGGGAAACCAGGCGUAGAAAUACAAGAUCAGGUCAAGUCGAAAGACCCCACCGAAAGGCGC
8935338,8936257,AAAAAUCAAGAAAUUGAUUAUUAGGAAACUAAUUAAAAUGAAAAUUUUAUUAAUGAAAAUUAAAGUAUAGAAAUAUAUUGUUUAGGAAUAAAUUUUAAGAAAUUAGAGUAAGUGAAAAUUUAUAGUAUUGAAAAAUAUUGAUAUGAAAAUAUUAGAUAUGAAAAUAUCCUAUGUGAAAAUAUAGCAUACAAAAGUAUGGCAUAUGAAAAUAUGC
8935391,8935925,GAUAAUGGAUAUAGCAGUGACAGCGAAAAGCAGCGAAAAGCACCGAAAAGGAGGGAAAACCAGGGAAAACCAGUCACAGGCGAAAAGCCAGUCAGAGCGAAAAGCAGCGAAAAGCACCGAAAAGGAGGGAAAACCAGGGAAAACCACUGACAGGGGAAAACCCAGCCACAGCGAAAAGCAGCGAAAAGCACCGAAAAGGAGGGAAAACCAGGGAAAACCAGUGGCACGGGAAAACCGAGCUGGAGCGAAAAGCAGCGAAAAGCACCGAAAAGGAGGGAAAACCAGGGAAAACCACCAGCACCCGAAAAGGGACAUACAGCGAAAAGCAGCGAAAAGCAGGGAAAACCAGGGAAAACCACCGAAAAGGAGUAUGAGCUAUAUCCAUUAUC
8935403,8935959,GGAAAGGCGCGCGACGAAAGUCCCGAAAAGUCGGCCUAAACCCGAAAAGGGAGGCGGCGAAAAAGCCACGACCGGGCGAACGCCAAAGAAACAACAACAACAAC
8935413,8935963,AAAGGCGAGGAAACCUCAAGAUAAAAUAUCAACCUAAAAUAGGGCCAAAAAAAAGGGCGAUAAAGUCGAAGUACAAAGUACAAUAGCAAAGCUACCCAAAAAAAAGCCGGUAAAAUACCAAGAAGAAUCUUCAACACCAAAGGUGGGCAAAAAAAAGCGGAUCAAAGAUCAAACAGAAACUGUAAUACCAAAGGUACGCAAA
8935417,8935955,AAAAAAAAUUAUGUAGUUCGAAAGAAUAAUUGUGAAAAUAAAUCUGUGAAAAUAGUAUAUAAAAGGUGAUAAAAUAUCGAGAUAAAAUAUCAAUAGAAAUUCUAACCAAAAAAAAA
8935435,8936404,CCUAAGCCGUAUAAAAAUGUGAUAAAGUUAUAAGUACAAGGGAGUAAUGUAAAGCAGCUAAUAUUGAAAUUUGAAAGGAUGAAAGAUGUAACCCAAGGCAAGUCCGUCGAAAAGUUUAGAAAUAGAUGAAAAAGACGUUUGGACUCAAAGAGUCCUUAUAAAGUAAGGGUAUGGCAGGGACAAGGAGAGGGAUAUAGAAAUAUAGACACGACGGACAGCGGAGAAAUUCAACAUACCAAACAAACGGACAUACACACUCUAAAAAAGACCUUUAAAAAAAAUAUAGAAAAUGUAAGAGAAAGUCAAGAGGUAGGAAAAAGCGUAUUGGAAAUAGUAUAACCCGCAAAGCAGAUAUAAAGUAUCAAGGGGCGAAACUACGUGUAAAAAGG
8950194,8951363,GGCCGUAAGUGCCAGCUCGAAAGAAGCAGCUCGAAAGAAGCAGGUCGUAAGAACCAGCCCGAAAGUGGCAGCCCGAAAGAGGCAGCCCCCCCCCCGCCCCCCCCCCAAAGGGGAGGGGGGCACCCCCAAUCCCCCCCCCAACCCCCGCAAAGCGGGGGAGGGGGGGGGACCCCACCGGGCAAAGCCCGGGGGGGGGGGAAAGGGGGGGGGGCAGCGCGAAAGACGCAUCCCGAAAGAGGAAGUCCGUAAGUGACAGUCCGUAAGUGACACCCCGUAAGUGGG
9473964,9474379,GCCAGGACCAGCGAAAGCAGCGAAAGCAGGGACACUACGGGGGC
9474055,9474400,AAAAGGCCUUCGUGCUUCUGCUUCUCCUUUUUGGAGGGCCCCUUUGGGUGCCGCAGGCCCCCUGGUGGUGACCCUUUUGGUGUCCCCCGGCCCUGGUGGUGGUUUUCCCCCCGUCCGUCCCUUUUGGCGUGUGACUUGGUGCCGGGUGGCGCACGGCCUGGGUGGGUGCCCUUUUGGGCCCCCCCGUCCCCCCUUUGGGUGGUGACUGGCGGCC
9474084,9474087,AAAACCGCCCCGGCGAGAAAUCCAUGAGAGGCGGAAAA
9474514,9474905,AAAAAGGACAGUCGCGAAAGCAAAAGACAGUAGAAAUACAGUACCAAAAAGCCCAGCCCGAAAGGAAAGCAGUAGAAAUACAGGAAGCAAAAAAAAAAAAAAAAAAAA
9474548,9475136,GCGAAAAACCGAAAAAGGAAAAAAGCCAAAAAACCAAAAAAGGAAAAAAGCAAAAAAGCAAAAAAGGCAAAAAGGCAAAAA
9474730,9475101,GGGAGAAUGGAAACAAACUAAGGAGAUCAAAAUGAGACGACGAUAGAAGGACGAAAGGACAGGAGGAAACGACAAAAACCGAAAGGAACGACCAAGGGACAAGUGAAAACAAGUAAGGACAGUAAAAUAUGAGGACGGUACAAGGAGGAAACGACACGACGAAAGGAGAAAAAUGGAAACAAAGGACCAAGCGACAAGUGAAAACAACCAACGAGAACAAAAUGUGACGAGGAUGGAAGGAGGAAACGACACGACGAAAGGAGAAAAAGAGAAAUCAAGGAGCAACCGACAAGCAAAAGCAACAUACGACAGUAAAAUACGAGGAGGAAUGAAGGAGGAAACGACAGGAGGAAACGACAAAAAGUGAAAACAAGGAGG
9475286,9475371,AAAAAAGGAAAAAGCUCGAAAAGAGUGAAAAACAAAAAAAAAAAAAAAAAAAAAA
9475318,9475402,GGAAAGCGGGAAAGCCCGAAACCGGGAAAACGGCCAAAGGGCGAAAGGCCGAACCCGGAAAAGGCCCAAAGCGGCAAAGGCGCAAGCCGCAAAGGCGGAAACGCCGAACCGCGAAAGGCCGAAGGCGGAAGGCCGAAGCCGGAAGGGGCACCGCCAGGGCGCCCGGAAAAACCGGGAAAAACGCCCAAAAAGGCGGAAAAAGCCCCAAAAACCGGCAAAAACGGCCAAAAACCGCCAAAAACGGCCAAAAACGCGGAAAAACGGCGAAAAACCGCCAAAAAGCGGCAAAAAGCGCCAAAAAGCCGCAAAAAGGGCCAAAAACCGGGAAAAACGGCCAAAAACGCCCAAAAAGGCCGAAAAACCCGGAAAAACGGGCAAAAACCCGUGAAACGAAAA
9477077,9478169,GCGAAAGCAAGGAGCGAAGGACGGGACGAACCCAGCCAAAGCCCGAAAGGGCAGCCCCGUCCCCCGUGUCCCGUGUCGGGUGUCCGCCCGGUGCCCCCAUGGCCAUGCGUCCCGGAGCGCAAAGCGCACGGUGUGCGGUGCCGGUGGGGCCAUGGGCGGGUCCCCGGUCCGGGGUCCGGGGUGUGGGGCAGGCAAAGCGAGGCCCGCGAUGCCGCGAUGGCGCGAUGCCGCGAUGUUGCGUCCCCCGUCCCCGUCCCGGGUGGCACGGGGGGAAACCCCCGGAGCCCAUCGGUGUGGGUGUGGGGUGUGCAACGAGAGGGCGAGAGGCCGAGAGGGCGAGAGGGGCCAGGCCGAAAGGCCAAACGCAGGGGAAGGACGGGACGAAGGAACAAGGGAAACC
9477174,9477924,AAAAAAAGGGCAGCGCAGCGAGCGGAAACGCAGCCACGAGAAAUCGAGCCACCCGAAAGGGAGCCAGCCGAAAGGCAGCCGAAAAAGGCAGGCAGGCAGGCACGCAGGAAACAGCGCAGACCAAACCCAGGCGAAGCGAAAGCGAAAAAAAGCCACCCACCCGAAAGGGCCAGAAAUGGGGCGAAAGCCGGGAGGGAAAGAGCAGGAAACAGCGAGGGAGCGAGGCAGCAAAAGGCGAAAGCCAUGCAGUCGAAAGACAGCCAGCGGAAACGCACGCAGGAGAAAUCCACCCAGCCGCCGAAAGGCCUCGAAAGAGACCCGAAAGGGGGCACGCAGCUCAAAGGUCAGCCCAAAAAAA
9477391,9477429,AAAAAGGACCAGCAAAGCAGCGAAAGCAAAGGCCAGGAGGAGCAAAGCACCGAAAGGAAACCCCAAAAA
9477446,9477717,GGGACGCGACGCCGACCAAAAGCGACCCCGAAAGGAAAAGGGAGCGGGAGGAAAACGGAGCGCGAGCAAGGGACGCGGAGGAAAAGGGAGCGCGACGAAAACCGAAAGGCGGAGCAAAAGCGACCCCGACGGCGACCAACGGAAACGGCGACCCCGACCAAAAGCGACCCCGAAAGGAAAAGGGAGCGGGAGGAAAAGGGAGCGGGAGCAACGGACCGGGACCAAAAGCGAGGCGGAGGAAAAGCGAAAGCCCGACGAAAACCGAGCGGGACCGCGAGCAAGGACC
9477795,9478046,AAAAAAAGCACCAGGAAAACCAGCAAAGCAAAGGGCAGGAGGAGGGAAACCAGCAAAGCAAACCCCAGGACCACGGAAACGAGCAAAGCAAAGGCCACAAAAA
9478613,9478622,GGGACCCCCAAAAAAAACGCCGACCGCAAAAAGGAAACAGGGGGCCCAAAAAAAAAGGGAAAAAGGGGGAAAACCCCGAAAAACCAAAGCAGCCAAAAAAAGGACGAAAAAGGACAACCAGCCAAAAACCGAAAGGAGGCCAAAAAGGGGAAAAGGAGGGGAAACGCCGACGAAAACCCAGGGGAAGGAAAAAAGGGAGGGGAAACCGCGACAAAAAAGCAAGCCCCAAAAAAAAGGCCAAAAACGGGGGAAACCCCCGAGGAGGGAAAAAAAAAAAGGAGGCAAAAAAAAAGGACCGCGAAAGCGCCCCCAAAAACGAAAAAAAGGAAAGGGGGGCAAGGGACAAAGGGCCCCCAAAAAAAAGGGGGAGGGGAAAAAGGAAAAAACAGGGGGGACCA
9480251,9480287,GAGCCAAGCCCGAAAAGCCCCAAAAAAGGGGCCGGGCGCCGAAAGCGCAAAAAGCGCCGGCCCGAAGGCAAAAGCCCGGAGGCAAAGCCGAAAGCCCAAAAAAGGGCCGGCGGGAAGGCAAAAAGCCCCCGGAGGAAAACCCCAGCGCAAAAGGGAAGCCAAAAAAGGCCCCGGAGCAAAAAGCCCGCCAAAAGGCAGGCCCAAAAACGAGCAAAAAAGCCGCCCAAAAAGGGGGAAAACCAGCGCGCAAAAAACCCAAAAAAGGGGCAAAAAGCAAAGCGCCCCAAAGGGGCGCAAAAAAAGCGCGCAAAAAAGGGCCAAAAAGCGCAAAAGCCAAAGGUGACAAAGGCGAGGGCAAAACCGAAAGGGGAAAACCGCCCCCAAAGGGGGCAGCCCCGGC
9482571,9483054,AAAAAGAACAGGAAGACAUCGGAGCCAGGGCGUAGCGUGAUGGAAACAUGGUCCUACCAUGUGGCAAAACGGAUGACGAACAGUUCAAAAAAAAAAAAAAAAAAAA
9492557,9493215,ACCGUGGAAAAAAACGCCAGAAAUGGCAUGCGGAAAAAAA
9492564,9492641,GGAAAGUACGUCGUAGAAAUACGCCAAAACUCGAGAUGAAAAAUCAGACGACGAAAAAGUCAAAGUCCGAGGGCGACAGUACAAAGAAACAACAACAACAAC
9597797,10117820,CCCACCCUGGGGCUGGUUCUGUGUUCCUCCGUCCGUCCUUUUGUGUGUGUGGUGUGUUCCUUGCCAGCCUGCACGUUGUGUUCCUCCGUCCCGGUGAGUGUGGUCCUUUUGUGUCGUCCUCCAUGGUGUGGUGUGUUCCUUCGGUUUUCCUUGUGCGGGGGCUAGUUUCUAGCUGCAACUUUGUUGCGUCCUCGGUCUCCCCUCCAGUGUGCUGCUGUUUCCCCCCCUUUGGGGGGGUGGUCCUUUGGACCCAGCGGGUGCCUUUGGCACCCUGGCGGUUUCCGCCGCACGGUCUUGCUUUUGCGUUCGCUCUUCUGUCUGUCCUGUCCUUUUGUGUAGUGUAGUCCUGUUGUCGUUCGACCUGGUGGGA
13292246,13292250,AACCGCCCGCCUACGAAAACGUAGCUAGCAAAAGCUAGGCGGGGCGAGGAAAACCUCGGGCGGAAAACCGCCCCCGGCGGAA
13292626,13292784,AAAAAAAAAAAAAAAAAAAAAAAAAAAAAAAAAAAAAAAAAAAAAAAAAAAAAAAAAAAAAAAAAAAAAAAAAAAAAAAAAAAAAAAAAAAAAAAAAAAAAAAAAAAAAAAAAAAAAAAAAAAAAAAAAAAAAAAAAAAAAAAAAAAAAAAAAAAAAAAAAAAAAAAAAAAAAAAAAAAAAAAAAAAAAAAAAAAAAAAAAAAAAAAAAAAAAAAAAAAAAAAAAAAAAAAAAAAAAAAAAAAAAAAAAAAAAAAAAAAAAAAAAAAAAAAAAAAAAAAAAAAAAAAAAAAAAAAAAAAAAAAAAAAAAAAAAAAAAAAAAAAAAAAAAAAAAAAAAAAAAAAAAAAAAAAAAAAAAAAAAAAAAAAAAAAAAAAAAAAAAAAAAAAAAAAAAAAAAAAA
13292629,13292799,GCCAAAAAGCCAAAAACUGAAAAACCGAAAAACACGAAAAAAAGUGACGGACAGAGGCAGGC
13292896,13293083,GGAGCAAAAGGAGGGAAAAGGAGCCAAAACGAGCAAGGAAAAGGAAGCAACCAAAAGAGGGAAGGAACCAAAACGAAGGAAGGAACCAAAACCAAGGAACCAACCAACCAAAACCAACCAACCAACCAACCAAAACCAACCAACCAACCAACCAACCAAAACGAAGGAAGGAACCAACCAACCAAAACCAAGGAAGGAAGGAACCAACCAAAAAAGGAAGGAACCAACCAACCAAGGGGAAGGAAGGAACCAACCAACGGGAAGGAAGGAAGGAAGGAAGGGGAAGGAAGGAAGGAAGGGGAAGGAAGGGACCAAGGGGAACCAACCAACGGGAACCAACCAACGGAAGCAACCCCAAGCGAGGGAGCCCCAACCGCGAC
13293610,13293779,AAAAGCCGCCCUUAAAGGGAGGAAAAAAAAAAAAAAAAAACAAGGCGAAGCGAAAGUAAACCGAAAGGAAAAAAAGGCCAAAAAAACCAGGGCGGCAAAA