Puzzle #	Puzzle Name	Eterna ID	Author	Secondary Structure	Solvers	Sample Solution
1	Simple Hairpin	20111	Sneh	(((((......)))))	59723	GGGGGGGGGGGCCCCC
2	Arabidopsis Thaliana 6 RNA - Difficulty Level 0	215430	Sneh	(((((((....(((...........)))((((((((..(((((((((((((((((((...(((((......))))).)))))).)))))))))))))..))))))))..)))))))	22230	GCUUUUGGAAACACAAAAAAAAAAAGUGCUAAAAUGAAGUAAAAAAAAAUGGUUUUGAAAGUUUGGAAAAACGAGCACAAAGCACGUUUUUUUUUGCAACGUUUUGGAACGAAAGC
3	Prion Pseudoknot - Difficulty Level 0	15819	Sneh	((((((.((((....))))))).)))..........	15727	CGUGACAUUAUAAAAAUGAGUCGAUGAAAAAAAAAA
4	Human Integrated Adenovirus - Difficulty Level 0	15886	Sneh	((((((((((((((.((((((...........((((((((((((.....((((((((....(((((((((((((........))))))))))....))))))))....))))))....)))))...((((((.......))))))))))............)))))).))))....))))))...))))...	13427	GGGGGGGGGGGGUGAGUGUGGAAAAAAAAAAACCCCGGCGGGGGAAAAAGGCGGGGCAAAAGGGGGGGGGGGGGAAAAAAAACCCCCCCCCCAAAACCCGCCCCAAAAGCCCCCAAAACCGCCAAAGCCCCCAAAAAAAGGGGGCGGGGAAAAAAAAAAAACCGCGCACGCCAAAACCUCCCAAACCCCAAA
5	The Gammaretrovirus Signal - Difficulty Level 0	13293612	Sneh	..(.(..((((((....))))))..).)......((((..(((.(((((((((....)))))....)))))))))))..((((((((....))))))))..	10304	AACGCAAGGGGGGAAAACCCCCCAAGGGAAAAAACCCCAAGGGACCCCCCCCCAAAAGGGGGAAAAGGGGCUCGGGGAACCGCGCGCAAAAGUGUGUGGAA
6	Saccharomyces Cerevisiae - Difficulty Level 0	17811	Sneh	(((((((((((........)))).((...............))....(((((.......))))))))))))....(((((((..((((........))))(((.............)))....(((((.......))))))))))))....(((((((..((((........))))((((((.......))))))....(((((.......))))))))))))....(((((((..((((........))))((((((.......))))))....(((((.......))))))))))))....(((((((..((((........))))((((((.......))))))....(((((.......))))))))))))....	3252	CGGUGGCCGGCGAAAAAAAGCCGAGGGAAAAAAAAAAAAAACCGAAACCCCCGAAAAAAGGGGGGCCGCCGGAAAGGGUGGGAAGGGCGAAAAAAAGCCCCGCGAAAAAAAAAAAAGCGAAAACGGGCGAAAAAAGCCCGCCCGCCCAAAAGGGUCGGAAGGGGGAAAAAAACCCCGCCCCCGAAAAAAGGGGGCAAAAGGGGGGAAAAAACCCCCCCGGCCCAAAAGGGCCCCAAGCCCGAAAAAAAGGGCCCUCCCGAAAAAAGGGGGGAAAAGGGGGGAAAAAACCCCCGGGGCCCAAAAGGGGGGGAAGGGGGAAAAAAACCCCCGGGGCGAAAAAAGCCCCGGAAAGGGCCGAAAAAAGGCCCCCCCCCCAAAA
7	Fractal 2	13687	pkinney	.....((((((((...((((((((((..((((..........))))..((((..........))))..((((..........))))..))))))))))...((((((((((..((((..........))))..((((..........))))..((((..........))))..))))))))))...((((((((((..((((..........))))..((((..........))))..((((..........))))..))))))))))...)))))))).....	365	AAAAAUAAAAAAUAAAAUAAAAAAUAAACGACGAAAAAAAAAGUCGAAAUACGAAAAAAAAAGUAUAACUACGAAAAAAAAAGUAGAAUAUUUUUUAUAAAAUAAAAAAUGAACUACGAAAAAAAAAGUAGAACAUAGAAAAAAAAAUAUGAAGUACGAAAAAAAAAGUACAACAUUUUUUAUAAAAUUUUUUUAUAACUAUGAAAAAAAAAAUAGAAGUAUGAAAAAAAAAAUACAAGUAUGAAAAAAAAAAUACAAAUAAAAAAAUAAAAUUUUUUAAAAAA
8	G-C Placement	1074756	hoglahoo	((((...)))).	247	GUAUUUAAUACA
9	The Sun	13840	pkinney	(((.(((((((...))))..))))))...(((.(((((((...))))..))))))...(((.(((((((...))))..))))))...(((.(((((((...))))..))))))...(((.(((((((...))))..))))))...(((.(((((((...))))..))))))...(((.(((((((...))))..))))))...(((.(((((((...))))..))))))...(((.(((((((...))))..))))))	241	CCCACCCCCCCAAAGGGGAAGGGGGGAAAGGGAGGCGGCGAAACGCCAAGCCCCCAAACCCAGCGCCCCAAAGGGGAACGCGGGAAACGCAGCGCCCCAAAGGGGAACGCGCGAAACGCAGCCCCCCAAAGGGGAAGGCGCGAAACCCAGCCCGCCAAAGGCGAAGGCGGGAAACGGAGCCCCCCAAAGGGGAAGGCCCGAAAGCCACCCCGGCAAAGCCGAAGGGGGCAAACCCACGCGCGGAAACCGCAAGCGGGG
10	Frog Foot	426871	kmcole	..........((((....))))((((....))))((((...))))	175	AAAAAAAAAACUGUGAAAAUGGGUUAGAAAUAGCGAGCAAAGCUC
11	InfoRNA test 16	816170	paramodic	((((((.((((((((....))))).)).).))))))	174	UAAAACGAGAAAAACGAAAGUUUUAUCAUGGUUUUA
12	Mat - Martian 2	399912	mat747	((((....))))...(((((((..(((((((.......))))))))))))))...((((((((......(((((((.(((((((.......))))))))))))))...((((((((((((((.......))))))).)))))))......))))))))...((((((((((((((.......)))))))..)))))))...((((....))))	172	UAACGAAAGUUAAAAAUAUUUAAAUAGAGAUAAAAAAAAUUUUUAUAAAUAUAAAAUUUUUUAAAAAAAUAAAGAUAUAAAGAUAAAAAAAAUUUUUAAUUUUUAAAAAUUUUUAGAGAAAUAAAAAAAAUUUUUCAUAGAAAUAAAAAAUGAGAGGUAAAUAAAAACAUUUUUAAAAAAAAUAGAAGUAAGUUUUUAAAAUAACGAAAGUUA
13	square	756881	jboanmit	((((((((((((((((((((((((((...))))))....)))))))....))))))....)))))))	156	GGCGGGGGGGGGGGGGGGGGGGCGGGAAACCCGCCAAAACCCCCCCAAAACCCCCCAAAACCCCGCC
14	Six legd turtle 2	446042	Eli Fisker	.....((...((....))...((....))...((....))...((....))...((....))...((....))...))....................	146	GGAAAGGAAAGGGAAACCAAAGGGAAACCAAAGGGAAACCAAACCGAAAGGAAACCGAAAGGAAACCGAAAGGAAACCAAAGAAACAACAACAACAAC
15	Small and Easy 6	727172	Brourd	(((((.....))..((.........)))))	144	GCCGCGAAAAGCAACCGAAAAAAAAGGGGC
16	Fractile	443196	penguian	............((....))...((...((....))..((...((....))...))..((....))...))..((....))........................	143	GGAAAAAAAAAACCGAAAGGAAACCAAACCGAAAGGAACGAAAGGGAAACCAAACGAAGGGAAACCAAAGGAACCGAAAGGAAAAAAAGAAACAACAACAACAAC
17	Six legd Turtle	445593	Eli Fisker	.....((....((....))....((....))....((....))....((....))....((....))....((....))....))....................	142	GGAAGCCAAAAGGGAAACCAAAAGCGAAAGCAAAACCGAAAGGAAAAGGGAAACCAAAACCGAAAGGAAAACCGAAAGGAAAAGGAAAGAAACAACAACAACAAC
18	snoRNA SNORD64	1427482	ribonucleic	((((((.....(((....(((...(((((.............)))))....)))..)))..))))))	142	CUUUUAAAAAGUAUAAAGAUAAAGAAAAGAAAAAAAAAAAAACUUUUAAAGUAUAGAUAAGUGGGAG
19	Chalk Outline	461984	Quasispecies	.....((((.(((((....)).))).(((.(((....)))))).((((((....)).)))).(((((....))).)))))).......................	141	GGAAACGGCACGCCGAAAACGAGCGACCGACGCAAAAGCGCGGACCGCGGAAAACCAGCGGACGGGCAAAAGCCACGGCCGAAAAAAGAAACAACAACAACAAC
20	InfoRNA bulge test 9	775904	paramodic	(((((((.(.(.(.(((((((....)))))))))))))))))	141	GGGGGGGAGAGAGAGGGGGGGAAAACCCCCCCCCCCCCCCCC
21	Tilted Russian Cross	601331	paramodic	.....((((((((....))))((((.((((....))))(((((....))))).((((....))))))))((((....))))))))....................	140	GGAAAGCCCGGGCGAAAGCCCGCCGACGCGGAAACGCGCCGCCAAAAGGCGGACCGCGAAAGCGGCGGCGCGGGAAACCGCGGGCAAAGAAACAACAACAACAAC
22	This is ACTUALLY Small And Easy 6	3084759	steven123505	................................................................................................................................................................................................................................................................................................................................................................................................................	136	AAAAAAAAAAAAAAAAAAAAAAAAAAAAAAAAAAAAAAAAAAAAAAAAAAAAAAAAAAAAAAAAAAAAAAAAAAAAAAAAAAAAAAAAAAAAAAAAAAAAAAAAAAAAAAAAAAAAAAAAAAAAAAAAAAAAAAAAAAAAAAAAAAAAAAAAAAAAAAAAAAAAAAAAAAAAAAAAAAAAAAAAAAAAAAAAAAAAAAAAAAAAAAAAAAAAAAAAAAAAAAAAAAAAAAAAAAAAAAAAAAAAAAAAAAAAAAAAAAAAAAAAAAAAAAAAAAAAAAAAAAAAAAAAAAAAAAAAAAAAAAAAAAAAAAAAAAAAAAAAAAAAAAAAAAAAAAAAAAAAAAAAAAAAAAAAAAAAAAAAAAAAAAAAAAAAAAAAAAAAAAAAAAAAAAAAAAAAAAAA
23	Shortie 4	997382	Eli Fisker	((....)).((....))	132	CUGAAAAGAGUGAGAGC
24	Shape Test	472029	Brourd	.....(.((((..(((((........)))))..(((.(((.(((((.....))))).((((....)))).))))))..)))).)....................	123	GGAAACGCGCCAACCCGCAAAAAAAAGCGGGAACGCACGCAGCCCGAAAAACGGGCACCCGAAAACGGGAGCGGCGAAGGCGGGAAAGAAACAACAACAACAAC
25	The Minitsry	427350	penguian	(((.....(((.....(((.....(((.....(((........))).))).))).))).)))	122	CCGAAAAAGGCAAAAAUCUAAAAACACAAAAAGUCAAAAAAAAGACAGUGGGGAAGUCGUGG
26	stickshift	852950	jandersonlee	..((((((((.....)).))))))..	122	AAAUGUGAAUGAAAAAUAUUAUAUAA
27	U	426038	Joshua Weitzman	.....(((((.(.(.((.(.(((((((((....))))))))))))))))))).....	118	AAAAGAUAUUAGAGACUAGAGUUUUUUUAGAAAUGGGGGGGCCAGCCGAUGUAAAAA
28	Still Life (Sunflower In A Vase)	404191	boganis	...((((..(((((.....)))))..(((((...)))))..(((((.....)))))..(((((...)))))..(((((.....)))))..(((((.....))))).((((((((((((((((((((((((((((......))))).(((((.............((((.........................................)))).............)))))(((((....))))).)))))))))))))))))))))))..(((((.....)))))..(((((.....)))))..(((((.....)))))..(((((.....)))))..(((((....)))))..(((((.....))))).))))...	110	AAAGCUGAAAAUUCAAAAAGAGUUAACAUACAAAGUAUGAAAUAACAAAAAGUUAUAACUAUGAAACGUAGAAUAAUCAAAAAGAUUAAAGGCGAAAAAAUUGUCAUAUAUGGGGGAGGGUAGGGGAUGGAUACAAAAAAGUAUCGGAUCUGAAAAAAAAAAAAUGGCAAAAAAAAAAAAAAAAAAAAAAAAAAAAAAAAAAAAAAAAAGUUAAAAAAAAAAAAAAAGAUCGAUAGAAAACUAUCACAUUUUUUAUUUUUUUUUAUAUAAACGCGCAAAAAGUGUGAAGGAGUAAAAAAUUUCAAGUGUUAAAAAAGCGCAACUAUCAAAAAGAUAGAAGUAAGAAAACUUACAAGAUAGAAAAACUAUCACAGCAAA
29	Quasispecies 2-2 Loop Challenge	552663	Quasispecies	.....((((((((..((((....))))..)))).((((..(...)..)))).((((..(..(((.....)))..)..))))))))....................	110	GGAAACCGCGGCGAAGGCGAAAACGCCAACGCCAGGCCUGCGAGGUGGGCCACCGCAACAACCCAAAAAGGGAAGAAGCGGGCGGAAAGAAACAACAACAACAAC
30	Corner bulge training	1452086	Eli Fisker	.(((((((((((...)))))....)))))).	110	AUAUAUAAUAUAAAAUAUAUCAAAUAUAUAA
31	Spiral	535777	MindofScience3	.....((((.((((((.(((.(((((.((((.((((.((.((.((.((.((.((.....)))))))))))))))))))))))))))))))))))))).....	108	AAAAAGUUGAUGUUUUAGUUAGUAUUAUGUUAUUAGAUGAUGAUGAUGAUGAUGGAAAACGCACACACACACUGAGAUAGGUGCAGCAGGAUACAGCAAAAA
32	InfoRNA bulge test	736567	paramodic	.............................((((......((((....((((...((((..((((.((((.....)).)).)).))..)).))...)).)).....)).))......)).)).	108	AAAAAAAAAAAAAAAAAAAAAAAAAAAAAGCCCAAAAAAGGGGAAAAGGGGAAAGGGGAAGCGCAGGGGAAAAACCACCAGCAGCAACCACCAAACCACCAAAAACCACCAAAAAAGGAGCA
33	Worm 1	1569272	ribonucleic	.......(.(.(.(.(.((.((.(....).)).)).).).).).)	105	AAAAAAAGGUGAGAGAGUAGUUGCGAAGGGAAGUAGUGUGUGAGC
34	just down to 1 bulge	742530	Edward Lane	.....((((.(((((....))))).(((....))).)).))....((((.(((....))).(((....))).))))....................	101	AAAAAGCGGAGUUUGGAAACAAACACACGAAAGUGACCAGCAAAAGUUGAGUGGAAACACAGUGGAAACACACAACAAAAAAAAAAAAAAAAAAAA
35	Iron Cross	530172	MindofScience3	.(((.(((...(((.(((...))).(((....))).)))...(((.(((....))).(((...))).)))...(((.(((....))).(((...))).)))...))).(((...))).)))..	96	ACUAAGAGAAAGUGAGAGAAACUCAGUUGAAAAGCACACAAAGACAGUCGAAAGGCAAUGAAACGUAGUCAAAGGGAGGCGAAAGUCACUCAAAGAGACCCAAACUCAGUCAAAGACAUAGAA
36	loops and stems	1487670	Owen099	.....(((((((...((((...((((...((((.........(((((............)))))...))))....((((..........))))...))))...(((........)))...))))..((......))...))))))).....	96	AAAAAAUUUAAUAAAAACCAAAUAUCAAACGGCAAAAAAAAGAGUGAGAAAAAAAAAAAUUAUUAAGGUUGAAAAUAUCGAAAAAAAAAGGUAAAAGGUAAAAUCUGAAAAAAAAGAAAAGGUUAAUAGAAAAAUAAAAAUUAGAUAAAAA
37	Water Strider	460087	Quasispecies	.....((.((..(((((.(((....)))(((....)))))).....((((((....)))(((....))).)))))..)).)).....................	95	GGAAACGGCGGAGCGGGAGUCGAAAGACCUGGAAACAGCCCAAAAAGACGUGGAAACACCUCGAAAGAGAGUCGCGACGGCGAAAAGAAACAACAACAACAAC
38	The Turtle(s) Move(s)	401904	boganis	...((....))....(((((((((.........)))))))))....((((.....)))).....(((....)))...(((((.......)))))....(((...((....)).....(((....)))....((((((.......))))))....(((....))).....((((((....(((.......)))..(((........)))...(((((......)))))...((((.....))))..)))))).........((....)).....((....))......(((((..........)))))......)))	85	AAAUGGAAACGAAAAGUUUAUUUUGAAAAAAAAGGGAUAGAUAAAAUUACGAAAAGUGGAAAAAGUUGAAAGAUAAAUAUAUGAAAAAAGUGUAAAAAGCGAAAGGGAAACUAAAAAGGGGAAACUUAAAAAUUUAAGAAAAAAUUGAGUAAAAAGGGAAACUUAAAAAUAAUAUAAAAUACGAAAAAAGUAAAAUGGAAAAAAACAUAAAUAUAUGAAAAAAUAUAAAAUAACGAAAAGUUAAAAUAUUAAAAAAAAAAUGGAAACAAAAAAUGGAAACAAAAAAAGGGCGGAAAAAAAAACGUUUAAAAAACGC
39	Adenine	2463193	Eli Fisker	(((((.((((((.((((((.((((((.((((((.((((((....((((((......)))))).)))))).(((((...(((((((...)))))))))))).)))))).((((((((((((...)))))))...))))).))))))....))))))....))))))....)))))	85	UAAUGAAUAUUAAAAUUUGACAAUAUAGUAUUGAAUUAUAAAAAUUUAUUGAAAAAAAUAAAAUAUAAUAGAUAUAAAUAAAAUAAAAUAUUUUAAUAUCACAAUACACAUAAAAAAUUAAAAUAAUUUUAAAUUAUGAAUAUUGAAAACAAAUUAAAAUAAUAUAAAACAUUA
40	Tripod5	903842	jandersonlee	..((((((((.....))))((((.....))))))))..	84	AAGCCCCAUUGAAAAGAUGGUAUGAAAAGUACGGGUAA
41	Shortie 6	997391	Eli Fisker	((....)).((....)).((....)).((....))	80	GAGAAAUCAGAGAAAUCAGUGAAAGCAGGGAAACU
42	Runner	888104	Yoshi789	.....((((.((((.....((((...)))).))))...(((..((((((...)))...)))((((((...)))...))).)))...(((...(((....))).))).)))).....	78	AAAAAGCCCAGCACGAAAGGGUGAAACACCAGUGCAAACCCAACCCCCGAAACGGAAAGGGGCCCGCAAAGCGAAAGGCAGGGAAACCCGAGGUCGAAAGACAGGGAGGGCAAAAA
43	Recoil	969361	largevee	.....(((((..((..((..(((..(((..((..((...)).)).))).))).)).)).))))).....................	78	AAAAACCGCCAACCAACCAACCCAACGCAAGCGAGCAAAGCAGCAGCGAGGGAGGAGGAGGCGGAAAAAAAAAAAAAAAAAAAAA
44	[CloudBeta] An Arm and a Leg 1.0	2320259	kcabral28	.....(((.(((((....)).)))(((.((....))))).)))....................	78	GGAAAGUCACUGAUGAAAAUACAGGAUAUGGAAACAAUCAGACAAAGAAACAACAACAACAAC
45	[CloudBeta] 5 Adjacent Stack Multi-Branch Loop	2322879	Brourd	(((((((((....))))(((((....)))))(((((....)))))((((....))))))))).	78	CUGUCGGGUGAAAACCCCAUACGAAAGUAUGCAUACGAAAGUAUGGACGGAAACGUCGACAGA
46	Triple Y	481598	Quasispecies	.....((((((((((((....))))((((....))))))))((((((((....))))((((....))))))))))))....................	76	GGAAAGGUCGCAGGACCGAAAGGUCGCUGGAAACAGCCUGCCCUAGGCUGAAAGGCCCACCGAAAGGUGUAGGGACCAAAGAAACAACAACAACAAC
47	Misfolded Aptamer	683941	starryjess	((((......(((((...))).((....)).........)).....))))	72	GUACGAAAAGCGGUCAAAGACAUAGAAAUAAAAAAAAAACGAAAAAGUAU
48	Flower power	1884959	ariel19_89	.....((((((((...)))).((((((((...))))..((((...))))..((((...)))))))).((((...))))))))....................	72	AAAAAAUCCGGGCAAAGCCCACCACGUGCAAAGCACAAGUUCAAAGAACAAGGCCAAAGGCCGUGGACGCGAAACGCGGGAUAAAAAAAAAAAAAAAAAAAA
49	Kudzu	458872	Quasispecies	.....(((.(..(.(((((.((((.((...)))).))))((((((...)).))))..(((...)))...))).)..).)))....................	59	GGAAAGGGAGAAGAGCGGGACGCCACGAAACGGGACGCCGCCGGCAAAGCACGGCAAGCGAAACGCAAACGCACAACACCCAAAGAAACAACAACAACAAC
50	1,2,3and4bulges	737448	Edward Lane	.....((((.(((((....))....))).(((....))).)).))....((((.(((....)...)).(((....))).))..))....................	58	AAAAACGCGACCGCCAAAAGGAAAACGGAGCCAAAAGGCACGACGAAAAGGCCAGCCGAAAGUAUGCACGCGAAAGCGAGGAACCAAAAAAAAAAAAAAAAAAAA
51	medallion	1398974	mspano	((((((.((((((....)))))).(((....))).(((....))).((((((....)))))).(((....))).((((((....)))))).(((....))).(((....))).((((((....)))))).(((....))).((((((....)))))).(((....))).(((....))).((((((....)))))).(((....))).((((((....)))))).(((....))).(((....))).((((((....)))))).(((....))).((((((....)))))).(((....))).(((....))).((((((....)))))).))))))	55	CUCCCCAUCUGGGGAAACUCGGGAGUGGAAACGCACUGGAAACGGAGGUGGGGAAACUCGCUAGGCGAAAGUCAGGUGGGGAAACUCGCUACCGGAAACGGACGGGAAACCGAGGGGGGGAAACCCCCCAGGGGAAACCCAGGCCGGGAAACCGGCCAGCCGAAAGGCACCGGAAACGGAGGGGGGGAAACCCCCCAGGGGAAACCCAGCGGGGGAAACCCCGCACGGGAAACCGAGUCGAAAGGCACCUCUGGAAACGGGGGAGGGGAAACUCAGGGGGGGAAACUCUCUAGUCGAAAGGCAGGGGAAACUCAGGUGUCGAAAGGCGCUAGGGGGG
52	[RNA] Repetitious Sequences 8/10	3144144	paramodic	.((......((......))......((......((......))......((......))......))......)).....	52	ACGAAAAAACCAAAAAAGGAAAAAAGGAAAAAAGGAAAAAACCAAAAAACCAAAAAAGGAAAAAACCAAAAAACGAAAAA
53	Documenting repetitious behavior	3194980	paramodic	.......((.........((.........((.........((.........((.........((.........((.........((.........((.........((.........((.........((.........((.........((.........((.........((.........((.........((.........)).........)).........)).........)).........)).........)).........)).........)).........)).........)).........)).........)).........)).........)).........)).........)).........)).........))......	51	AAAAAAAGGAAAAAAAAAGGAAAAAAAAGCCGAAAAAAAAGGAAAAAAAAAGGAAAAAAAAAGGAAAAAAAAGCCGAAAAAAAGCCGAAAAAAAAGGAAAAAAAAACCAAAAAAAAACCAAAAAAAAAGGAAAAAAAAAGGAAAAAAAAGCCGGAAAAAAGCCGAAAAAAAGCCGAAAAAAAAGGAAAAAAAAAGGGAAAAAAAACCGAAAAAAAGCCGAAAAAAAAGGAAAAAAAAAGGAAAAAAAAAGGAAAAAAAAGCCGAAAAAAAGCCAAAAAAAAAGGAAAAAAAAAGGAAAAAAAAACCGAAAAAAAAGGAAAAAAAAAGGAAAAAAAAGCCGAAAAAAAGCCGAAAAAAAGCCGAAAAAAAAGGAAAAAAAAGCCGAAAAAAAGCCAAAAAA
54	7 multiloop	2569877	wateronthemoon	(((((((((....)))))(((((....)))))(((((....)))))(((((....)))))(((((....)))))(((((....)))))))))	48	GCCGGAAUAGAAAUAUUCGAUAAGAAAUUAUCCCGCCGAAAGGCGGCUAUAGAAAUAUAGGUAUCGAAAGAUACCAAUCGAAAGAUUGCGGC
55	Kyurem 7	550435	Freywa	.....((((((((((....)))(((....((((.(((.....))).((((((......)))...))))))))))))).))))....................	47	GGAAAGGAGCGCGACGAAAGUCCCGAAAACAGCAGUCGAAAAGACAGCGCGCGAAAAAGCGAAACGCGCUGCGGGCGACUCCAAAGAAACAACAACAACAAC
56	JF1	458607	Quasispecies	(((((((((((.(((((..(((((....((((((..(((((...(((((..((((((.((((((((((((((....))))))))))))))..(((....))).(((((((((....)))))))))..(((((....))))).)))))).))))).))))).))))))...((((((((.....))).)))))..((((((((((((((((((((((((....)))))))))))))).))))))))))...(((((......)))))((((((((((....))))))))))...((((....))))..)))))..))))).((((.(((.(((....)))))))))).(((((((((....))))).)))).)))).))).))))...	46	GUAUGAUUAUCACAUAUUGGUAUGAAAAUAUAUAGGUAUAAGAGUAUUAGGUAUAUGAUUUUUUUUUUUUUUGAGAGGGGGGGGGGGGGGAAGGGGAAACUUAUAUUUUUUUGAGAGGGGGGGUGAAUUUAUGAGAGUGGGAUAUAUAAUAAUAAUUAUAAUAUAUGAAAUAUAUCUUGAAAAAAGAAUAUGAAUAUAUAUAUAUAUAUAUAUAUAAUGAGAGUUAUAUAUGUGUACUAUGUGUGUGAAAUAAAGGAAAAACUUUGGUAUAUAUAUGAGAGUAUAUAUAUAAAUAAUGAGAGUUGAAUAUAUUGGUAUGAGAUAUAAUAGAUGAGAGUCAUUUAUCAGAUUUAUAUGAGAGUAUAUAAUCAGAUAUAUCAAUACAAA
57	multilooping fun	2493932	ribonucleic	((.(..(.(....).(....).)..).(....).))	46	CCAGUGGAGGAAACAGGAAACAUUGCAGGAAACAGG
58	Multiloop...	4238942	qwed117	((((.((((.(((....))).(((....))).(((....))).(((....))).(((....))).(((....))).)))).(((((......)))))(((....)))))))	42	CCCCACCGCAGGGGAAACCCACCCGAAAGGGAGGGGAAACCCAGCCGAAAGGCACCCGAAAGGGAGCCGAAAGGCAGCGGACCCCCAAAAAAGGGGGCCCAAAAGGGGGGG
59	hard Y	422821	Joshua Weitzman	.....((((((.((((((((....))))))).)))((((((((((....)))))))))))))).....	41	AAAAAGAGGGGACCGGGGGAGAAAUUUUUUGCGCCCUGCGGGGAUGAAAGUUUUUGUAGCUUCAAAAA
60	Mat - Elements & Sections	479654	mat747	.....((((.(...(.((((.(.((((.((.((((.((.(((....))).).)))))).)))))....).)))).)...).))))....................	40	GGAAAGAUCGCAAACGGAUCGGACUAGCGCGCCAGCGCACUGAAAACAGAGACCUGGGACCUAGAAAACGGAUCGGAAAGGGAUCAAAGAAACAACAACAACAAC
61	Chicken feet	457731	Eli Fisker	.....((.((.((...)).((...))...)))).((.((.((...)).((...))...)))).....	38	AAAAAGGAGGACGAAACGAGCAAAGCAAACCCCAGGACCACGGAACGAGCGAAGCAAAGGCCAAAAA
62	Bug 18	970812	jandersonlee	.((.((.((.((..((..((.((...))..)).)).))..))..))....)).	38	AGAGGUAGAAGUGGGUGGGUAUCAAAGAGGGCAGCAGCGGUCGGACAAAAUCA
63	Fractal star x5	3676828	Crul	.....((((((((..((((....))))..((((....))))..((((....))))..((((....))))..)))))))).....((((((((..((((....))))..((((....))))..((((....))))..((((....))))..)))))))).....((((((((..((((....))))..((((....))))..((((....))))..((((....))))..)))))))).....((((((((..((((....))))..((((....))))..((((....))))..((((....))))..)))))))).....((((((((..((((....))))..((((....))))..((((....))))..((((....))))..)))))))).....	36	AAAAAGGGUGUGAAAUAAGAAAACUUAAAUUAGGAAACUAAAAUUUGGAAACAAAAAAUUGGAAACAAUAAUUAUAUUUAAAAAUGGGGGGUAAUUUGGAAACAAAAAAAAGGAAACUUUAAUUUGGAAACAAAAAUUAUGAAAAUAAAAAUUUUUUAAAAAAAUUUUAUUAACUAGAAAACUAGAACUUGAAAACAAGAACAAUGAAAAUUGAACUUAGAAAUAGGAAGGUGAGGUAAAAAAUAUUAUUAAGGGCAAAAGUUCAAUUUCAAAAGAGAAACUAGAAAACUGGAACAGGAAAACUUGAAGGUGGUGUAAAAAAUUUUAUUAACUUGGAAACGGGAACUAUGAAAGUGGAACUUUGAAAGGAGAACUUAGAAAUGGGAAGGUGAGGUAAAAA
64	Crop circle 2	448277	Eli Fisker	((...((....((.....((.........((..............................))...............)).........)).......))....))....	33	GGAAAGGAAAACCAAAAACCAAAAAAAAAGCGAAAAAAAAAAAAAAAAAAAAAAAAAAAAAGCGAAAAAAAAAAAAAGGGGAAAAAAAGGGGAAAAAGCCGAAGCCAAAA
65	Branching Loop	459030	Brourd	.(((((........)((((....))))..)))).......	33	AGAGUGGAAAAAAACGUAUAAAAAUACAGACUCAAAAAAA
66	Bug 38	1005956	jandersonlee	.((.((.((..((.(...).)).))..))....)).	33	ACAAGCAGAGGGCGCAAAGGGUAUCGGGUGAAGUGA
67	Simple Single Bond	457023	starryjess	......(.........((((.....)))).........)......................	31	AAAAAAGAAAAAAAAUAGUAAAAAAUACUUAAAAAAAGCAAAAAAAAAAAAAAAAAAAAAA
68	Taraxacum officinale	1887121	ariel19_89	((((....).))).((((....).))).((((....).))).((((....).))).((((....).))).((((....).))).((((((((((((((((((((((...)))).))))))).(((((..((((((((((..(((((((...))))))).))))))))))((((.((((((...)))))))))))))))...))))))))))).((((....).))).((((....).))).((((....).))).((((....).))).((((....).)))	30	GGGGGAAACAUUCAGUGGGAAACAUGCAGUGGGAAACAUACAGGGGGAAACAUUCAGGGGGAAACAUUCAGAUGGAAACAAUCAAUAGGGAUUUACUUAGGUAUUAGAAUAGUAAUUUGGGACAUUUAAGAUAUAUAUAAAUAUAUAUGAAAUAUAUAAUAUAUAUAUUCAUGACAUAGAGAAUUUGUGCAUGGAGUGAAAUAGAUUUUUGUAGGCGGAAACAGUCAGGGGGAAACAUUCAGGGGGAAACAUUCAGUGGGAAACAUGCAGGCGGAAACAGUC
69	Headless Bug on Windshield	461805	Quasispecies	.((.((.....(((((...((.(((.........................))).))...))).))...)).)).(((..(((..((.......((....)).......)))))......))).(((((.......(((..((..(((..((.(((...............)))..))..)))..)).)))..))..))).	29	ACCGUAGAAAAUCAUUGAAUUGUUUAAAAAAAAAAAAAAAAAAAAAAAAGGGAGGGGAAGGUAGAGAAUAGGGAGUAGAGAUAAUCGAAAAAAGUGAAAAUGAAAAAAGAGUCGAAAAAUGCAGUGGGAAAAAAGAGUGAGAGACUUUGGGGCAGGAAAAAAAAAAAAAACUGGAUUUGGGGGAUUGACUAGCCAACACA
70	Pokeball	2418507	rnjensen45	...(((((((....((..((..(((..((..((..((..((..((..((...)).))..)).)).))..)).))).)).)))))))))........(((((((....((..((..(((..((..((..((..((..((..((...)).))..)).)).))..)).))).)).)))))))))...	29	GGACAUAUGGAAAAGGAAAGAAGAUAAUGGAGAGGAUGGGAGAUGGGGCGAAGCACGGAUCAAUAUUGACAAAUCACUACCCUAUGUGAGGAAGGAUGGAUUUAAAACUGGUCGGCCUGGUUUGAUGACUGAUUUGGGGGGCAAAGCAUUUGGAGAGAGUUGGAAGGGAGAAAGAAAUUUAAGG
71	Variation of a crop circle	972844	jboanmit	....((....((....((....((..((..((...))..))....))......)).......)).........)).............	28	AAAAGGGAAAGCGAAACUGAAAGUGAUUUGUGGAACAUGGAGAAAACGAAAAAGGGAAAAAAGCGAAAAAAAACCAAAAAAAAAAAAA
72	Loop next to a Multiloop	472262	Brourd	..((((((((.......(.((((((....)))))).(((((((....))))))).).......))))))))..	27	AAUAUAUAAUUAAAAAGCGGUAUUACAAAUAAUACAGAAUAUAGAAAUAUAUUCAGAAAAAAUAUUAUAUAAA
73	Snowflake 4	415914	Ding	((((...))))(((((((....))(((((..(((((((....))(((((((((...))))..((((...)))))))))((....)))))))..(((((((....))(((((((((...))))..((((...)))))))))((....)))))))..(((((((....))(((((((((...))))..((((...)))))))))((....)))))))..(((((((....))(((((((((...))))..((((...)))))))))((....)))))))..(((((((....))(((((((((...))))..((((...)))))))))((....)))))))..)))))((....)))))))((((...))))	26	ACUCAAAGAGUGUAAGGGGAAACCGAUUCGACCGCCCCGAAAGGCCUUCGUCGAAACGACAGACCCAAAGGGUGAAGGGGGAAACCGGCGGAACCGCCCCGAAAGGCCAGCGAGCAAAGCUCAGACCGAAACGGUGCUGGGGGAAACCGGCGGAAGCAUCCCGAAAGGCCUACGUCGAAACGACAGACUGAAACAGUGUAGGGGGAAACCGAUGCGAGCACCCCGAAAGGCAUUCGAAGAAACUUCAGACGCAAAGCGUGAAUGGGGAAACCGGUGCAAGACGGCCGAAAGGGUAUCGUCGAAACGACAGACAGAAACUGUGAUACGGGAAACCCCGUCAAGAAUCCCGAAAGGCUUACCAGGAAACCUG
74	Mat - Cuboid	450940	mat747	(..((....((..((....((..((....(..((..((....((..((..((....(..((..((..((....((..((..((..((....((..((..((..((..((....((..((..((..((..((....((..((..((..((..((..((....((..((..((..((..((..((....((..((..((..((..((..((......))..))..))..))..))..))))..))..))..))..))..))))..))..))..))..))..))))..))..))..))..))))..))..))..))..))))..))..))..))))..))..))..)))..))..))))..))..)))..))))..))))..)	26	CUGGCAAAACGUGGUAAAACGAAGGAAAACUGAUUGGGAAAACGUGACAAACAAAAGUGAAUGAUUGAUAAAACCUGCAUGACUGCGAAAACUUGAAUGAAUGAAUGAGAAAAUUUGUUUGUUUGUUUGUGAAAAUAUGAAUGAAUGAUUGACUGCAAAAAUUUGUUUGUUUGUAUGAUUGCAAAAAUUUGUUUGUUUGAAUGAAUGAAAAAAAAUUUGUUUGUUUGAAUGAAUGAAUGUGAUUGUAUGAAUGAAUGAAUGUGGUUGAUUGUUUGUUUGUACAUGAAUGAAUGAAUGAACUUGUUUGUUUGUUUGAGCGUGGUUGUGUGGGAUUGAUUGUUUGCGUAAGUUGCGCCUGAUUGGCCAACGACUGCGGCUGG
75	Misfolded Aptamer 6	708346	starryjess	......(((......((((..(....(((........)))....).....)))).......)))...........	24	AAAAAAGAUGAAAAAGUAUAGCAAAGGUAGAAAAAAAUAUAAAGGAAAAGGUAUGAAAAAAGUUAAAAAAAAAAA
76	Snowflake 3	415093	Ding	(((((....)).((((((....)))..((((.((((..(((....)))(((.((....))(((...)))((....)).)))(((....)))..)))).((((..(((....)))(((.((....))(((...)))((....)).)))(((....)))..)))).((((..(((....)))(((.((....))(((...)))((....)).)))(((....)))..)))).((((..(((....)))(((.((....))(((...)))((....)).)))(((....)))..)))).((((..(((....)))(((.((....))(((...)))((....)).)))(((....)))..)))).))))..(((....)))))).((....)))))	23	GGGGGGAAACCAGCGUUGGAAACAAAAGUACAGUACAACUGGAAACAGGCGACCGAAAGGCCCAAAGGGGGGAAACCACGCCGGGAAACCGAAGUACACUAGAACUGGAAACAGGCGACCGAAAGGCCCAAAGGGGGGAAACCACGCCAGGAAACUGAACUAGACAUGAAAUGGAAACAUGCGACCGAAAGGCCCAAAGGGGGGAAACCACGCGACAAAAGUCAACAUGAGAUGAAUUGGAAACAACUCACCGAAAGGCCCAAAGGGGGGAAACCAGAGGUGGAAACACAACAUCACUUGAAAUGGAAACAUGCCACCGAAAGGCCCAAAGGGGGGAAACCAGGCUAGGAAACUAAACAAGAGUACAAAAGGAAACUUCGCACCGAAAGGCCC
77	Hard Y and a bit more	443518	Joshua Weitzman	.....(((((((.(((((....)))).)))(((((.((..((((....))))..(((((......)))))..)).))))))))))....................	23	GGAAAGAUAGGGACCUAUGAAAAUAGCGCCGCAUAGAUAAAUAUGAAAAUAUAAAUAUAGAAAAAUAUAUAAAUGUAUGCCUAUCAAAGAAACAACAACAACAAC
78	Mat - Lot 2-2 B	451142	mat747	(..(((..((((..((....((..((((....))....))..))))..))....))..))((..((..((..((((..((....((..((((..((....((....))))..))....))..))))..))((..((..((....))((..((((..((....((..((((....))....))..))))..))....))..))))..))..))..))((..((....((..((((..((....((....))))..))....))..))))..))))..))..)..)	23	CUGGGGUGGCCGUGCGAAAAGCUGGGCGGAAACGAAAACCUGGCCGUGCGAAAAGCUGCCGGUGCGAACCUGCGGCUGGUAAAACGUGCCCGUGGAAAAACGGAAACGUCUGCGAAAAGGUGCGACUGGCGCUGGCAACGGAAACGCCUGCGGCUGCGAAAACUUGUAGGGAAACCAAAAUAUGAGCGUGGCAAAACGUGGGGCUGGCAACGUGGGCCUGGGAAAAGGUGCGGCUGCGAAAAGGGAAACCCGUGGCAAAACGUGCCCCUGGGCGUGCCAACUGG
79	Shapes and Energy	480112	Brourd	......(.((((.((((....(...((((.(....).))))...)))))..((......((((....)))))).)))).).....................	22	GGAAAAGGAUUUAGAUCAAAAGGAAAUAUGAGAAAUGAUAUGAACGAUCAAGGUAAAAUGCUAGAAAUAGUCCAGAAUGCAAAAGAAACAACAACAACAAC
80	Spiral of 5's	474410	Brourd	(....(((((...(((((...(((((....(((((...(((((...(((((..(((((....(((((...(((((...(((((..(((((...(((((...(((((..(((((...(((((..(((((..(((((..(((((..(((((.(((((.((((((((((.....))))).....))))).....))))).....))))).....))))).....))))).....))))).....))))).....))))).....))))).....))))).....))))).....))))).....))))).....))))).....))))).....))))).....))))).....))))).....))))).....))))).....))))).....).....	21	GGAAUGUGAGAAAGUGUAAAAGUGUAAAAAGUGGGAAAGUGGGAAAGGAUAAAGUAUUAAAAGGGUAAAAAUUUAAAAGGUUAAAGUGUGAAAGGGUGAAAGUAUAAAAAUUAAAAAUAUAAAAAUUAAAAUAUAAAUAAUAAAUAUAUAAUUAAAUAUAAAAUAUGAAAAAUAUUAAAAAUUAUAGAAAGUUAAUGAAAGAUAUAGAAAGUAUUAGAAAGUAUAUGAAAGUAAUUGAAAGUAUAUGAAAGUAAUUGAAAGUAUAUGAAAGUAUUUGAAAGUAUAUGAAAGUGAUUGAAAGUGGGUGAAAGUAUUUGAAAGGGUAUGAAAGUAUUUGAAAGUUUAUGAAAGUUUAUGAAAGUAUAUGAAAGUAUAUGAAAGUUUAUUAAAACAAAAA
81	Campfire	547104	starryjess	....((((..(((((..((((..((((.....))))((((((...))).)))))))((((((.((.((.(((((....)).)))))))(((((.((.((.((....))))))((((.(((....)).)).)))..)).)))))).))))))))(((.(((.(((.((((....))))))))))((((((((...))).)).))).)))))))	21	AAAAGUACAAGGAUGAAUCAAAAGUUCGAAAAGAAUCACCUAAAAUAGUGUGUUGAGACCACAGGAGUAUCAGGGAAACCAUGAACCCGACCCAGGCAGCAGGAAACUCUCCGAGGACCCGAAAGGCGCGCUCAAGGAGUCGUGAGUCCAUCUACCAGGGAGAGCAUACGAAAGUAUCUCCCCGCCCAGAUAAAAUCAUGAGGCAGGUGUAU
82	Anemone	3058638	wateronthemoon	...((((((....))))))(((((....)))))((((((....))))))(((((....)))))((((((....))))))(((((....)))))(((((....)))))((((((....)))))).(((((....)))))((((((....))))))(((((....)))))((((((....))))))(((((....)))))((((((....))))))	18	AAAGGUAAUGAGAGUUAUUGAUACGAAAGUAUUGAAUAUGAGAGUAUUUGUAUUGAGAGAUAUGUAAAUGAGAGUUUAUGAUAUGAGAGUAUUGUAUCGAAAGAUAUGUAUAUGAGAGUAUAUAUAUAUGAGAGUGUAGAUAUCGAGAGAUAUUGUAUUGAGAGAUAUGUAUAGGAGACUAUAUGAUUUGAGAGAAUUUAUAUGGAAACAUAUA
83	Fractal 3	460166	Eli Fisker	.....((((.(((.((....))((....)).))).(((.((....))((....)).))).(((.((....))((....)).))).(((.((....))((....)).))).)))).....	17	AAAAAGAUAAGAUAGGGAAACUGCGAAAGUAAUCAGAUAGGGAAACUGCGAAAGUAAUCAGUAAAGGAAACUGCGAAAGUAUACAGUAAAGGAAACUUCGAAAGAAUACAUAUCAAAAA
84	Kyurem 5	545680	Freywa	.....((((((((((....)))(((....((((((((...(((.....)))))))(((......))).))))))))))..))))....................	16	GGAAAGGAGCGCGACGAAAGUCCCGAAAACUCGGCAGAAAGGCGAAAAGCCCUGCGCGGAAAAACGCACGAGCGGGCGAACUCCAAAGAAACAACAACAACAAC
85	Snowflake Necklace ( or v2.0 )	624517	Wobble Dynx	(((((((((((((((.(((((.((.....)).((.....)).((.....)).((.....)).((.....)).))))).(((.....))).(((((.((.....)).((.....)).((.....)).((.....)).((.....)).))))).(((.....))).(((((.((.....)).((.....)).((.....)).((.....)).((.....)).))))).(((.....))).(((((.((.....)).((.....)).((.....)).((.....)).((.....)).))))).(((.....))).(((((.((.....)).((.....)).((.....)).((.....)).((.....)).))))).)))))))))))))))	15	GCGCGGCCCGCCCCCACCCCCAGGGAAAACCAGGGAAAACCACCGAAAAGGAGCGAAAAGCAGCGAAAAGCAGGGGGACGGGAAAACCGAGCCGCACCGAAAAGGACCGAAAAGGAGGGAAAACCAGCGAAAAGCAGCGAAAAGCAGCGGCAGCCGAAAAGGCACGCGCACCGAAAAGGAGGGAAAACCAGGGAAAACCAGCGAAAAGCAGCGAAAAGCAGCGCGAGGGGAAAACCCAGGGCCACCGAAAAGGACCGAAAAGGAGGGAAAACCAGCGAAAAGCAGCGAAAAGCAGGCCCAGCGGAAAACGCACCGGCAGGGAAAACCAGGGAAAACCACCGAAAAGGAGCGAAAAGCAGCGAAAAGCAGCCGGAGGGGGCGGGCCGCGC
86	Methaqualone C16H14N2O Structural Representation	4891834	Malcolm	.......((((.((((.(((.(((....))).(((.(((....))).(((.(((....))).(((.(((....))).(((.......))).))).))).))).))).(...).)))).((((...((.(((...((...))........))).(((.(((....)))(((....)))(((....)))))).))...((((.(...).(((.(((.(((.(((.(((....(((....))).))).(((....))).))).(((....))).))).(((....))).))).((((((....)))(((....))).(((....)))))).))).))))...)))).)))).......	14	AAAAAAACCCCAGGGCAGGCAGGGAAAACCCAGGGAGGGAAAACCCAGGGAGCGAAAACGCAGGGAGGCAAAAGCCAGGGAAAAAAACCCACCCACCCACCCAGCCAGAAACAGCCCACCGCAAAGGACCGAAGGCAAAGCAAAAAAAGCGGAGGGAGGGGAAACCCGGGGAAACCCCCCGAAAGGGCCCACCAAGGGGCAGAAACAGGGACGCACCCACCCACCCAAAACCCGAAAGGGGGGGACCCGAAAGGGAGGGAGCCGAAAGGCAGGGACCCGAAAGGGAGCGAGGCGGGGAAACCCGGGGAAACCCACCCGAAAGGGGCCACCCAGCCCAAGGCGGAGGGGAAAAAAA
87	Cat's Toy 2	474564	merryskies	....((((((((....((..(...................)..((...((....))...((....))........))......))))))))))....	13	AAAACCCCCCCGAAAAGCACGGAAAAAAAAAAAAAAAAAACACGCAAAGGGAAACCAAAGGGAAACCAAAAAAACGCAAAAAAGCCGGGGGGGAAAA
88	Zigzag Semicircle	477402	Brourd	....((((((((.(....)).).).)))))....	13	AAAAUACAGGGCGCGAAAGGACUCACUGUAAAAA
89	Short String 4	505782	Brourd	......((.((..((..(...(.((.((....))))..)...(.((..((....))..))..)...).))..)))).....................	11	GGAAAACGAGCUGGUUUCAAAGUAGACGGAAACGCUUUCAAAGUAGUGCGGAAACGUGCUUUCAAAGUACUGGCCGAAAAGAAACAACAACAACAAC
90	Gladius	944766	Quasispecies	(....)..(....(...(..(.(..(...(((.(((...((((....)))).(((((..(.(((..(.((((..(.((((..(.((((((((.((((((.(((((.((((.((((..((((...)))).))).)))))).))))).)))))).)))))))..).))))..).))))..).)))..).))))).)))...(((.(((((.(..(((.(..((((.(..((((.(..(((((((.((((((.(((((.((((((.(((.((((((....))))))..)))).)))).))))).)))))).)))))))).)..)))).)..)))).)..))).)..))))).((((....))))...))).)))...)..).)..)...)....)..(....)	11	CGAAAGAAGAAAGGAAGGUGCGUUGAAAGAGAAUGCAAAAUUAGAAAUAAUACAUUCGAGAGGUGAGGAUAUGAGGACCAGAGGAUAUAUGCGCUUUGCGCUAGCGCUUGCGCUAGGUAUAAAAUAUAAUAGACCAAGGACUAGGACAAAGGACAUAUAUGACGUGGUGACGAUAUGACGACCGGCGGAAUGAGCAAAAAUCAGGAUGGCAGACAGCAGCGAAGCAGUCCUGCAGAUUAUAGCGCUAUGCGCAUGCGCUUGCGCUUAUAUAUAGAAAUAUAUAGGAAGGACAAGACCAUGACCAUAGACCUAUAAUGGAGAGGAGGAGUUCGGGAGUGUGGAGCAUCCAAUAUGAAAAUAUAAAGAUAUCUAAGUUGAGGUGCAAGCAAAGCAACGAAAG
91	Thunderbolt	908660	Quasispecies	((..(((((........(.((..((.(.....(....).((((((((.........((......((((.....))))......))...((..((.......(..(......)..)..((..((.....(....).((((.....(((.....(..((.(...).))..).....))).((((...(.......(..(.((...)).)..).......)...))))........)))).....((((((...)))))).))..))...........))..)).........(..((....)((((((.....(........).....))))))..)..)...))))))))........).))..)).).....(.......).)))))..)).	11	AUUGAUUAUAAAAAAAAAGACUGGUGUAAAAAAGAAAUAAUUAUAAUAAAAAAAAAGUGAAAAAUUAUGAAAAAUAAGAAAAAACAAAACUGAUAAAAAAAUUGUGAAAAAAUGAAAUGUGUCAAAAACGAAAGAUAUCAAAAAACAGAAAAUUGUAGCAAAGGUAUGAGAAAAUGUAUAUAAAACGAAAAAAUUGAGUAAAAUAGUUGAGAAAAAAGGAGUAUAAAAAAAAAGAUAAAAAAGUAUAUAAAGUAUAUAGAUGUAAAAAAAAAAAAAUUGGUAAAAAAAAAGUGGGGAAACGUAAUAGAAAAUGAAAAAAAAGAAAAUAUUACAACUGCAAAAUUAUAAUAAAAAAAAAGACUGGUGUAAAAAGGAAAAAACAAUAAUUGGUA
92	Mutated chicken feet	787674	Eli Fisker	.......((.((.((...)).((...))...)))).((.((.((...)).((...))...)))).((.((.((...)).((...))...)))).......	8	AAAAAAAGCAGCACGAAACGAGGAUACCAAAGCGCAGGAGGACGAAACGAGGAUACCAAACCCCAGGACCAGGAUACCAGGAUACCAAAGGCCAAAAAAA
93	Chicken Tracks	965314	hoglahoo	........(((((((((((....))))..((((....))))..((((....)))))))))))..(((((((...))))..((((...))))..((((...))))))).........	7	AAAAAAAAUAUUAUAAUAUGAGAGUAUAAGAAUGAAAAUUUAGUAUUGAGAGAUGUAUAAUAAAGUGCUACAAAGUAGAAGAUAAAAUAUCAAGGUAAAAUACCCACAAAAAAAAA
94	Looking Back Again	726696	Brourd	(((..(((((((.....((((((...)))))).))))..((((((..(((...)))))).(((((...((((....))))....)))))..)))..)))..(((((((.....(((((....)))))......)))((((((((((...)))))(((((...)))))((((((((..(..(..(..(..(..((((....))))..).)..))..).))(((....)))..))))))...))))))))).(((((.((((......(((((((........((((.....))))))))...))).))))((((......((((((((....))))))..(((((...)).(((((...)))))..)))))....)))))))))...)))	6	UCCAAUCGGUAUAAAAAUGUGAUAAAAUUAUAGGUACAACUCGCUAAUGCAAAGCAAGCAAUAUUAAGGAUUGAGAGGUUAAAGGAUGUAAGAGAACGAAAUGGGGCAGAAAAGAGUUGAGAGAUUUGAAAAAUGCCAUGGGGUUCAAAGAACCGCUUCAAAGAGGCGCAUCACCGGCUGGAAUUGAGGUUGAGAUGAGAGUUUUGAAUUGACUGGAGGAUUGAGAGAUAAUGAUGCAAACCAUGCCCAAGCUACACUCUAAAAAACUAUACUAAAAAAAAUUAUGAAAAAUGAAGUAAAAUAGGAGAGCCAUGAAAAAGGGAUUUUGAGAGGGAUCAACCCGCAAUGCAUAUAGAAACUAUAAAGGGCCGAAAGUGGGUAGCAAAGGA
95	Multilooping 6	3526038	jnicol	..(((((((((((((....)))))(((((....))))))))((((((((....)))))(((((....)))))))))))))..	5	AAGCUGUGCCCCCCCGAAAGGGGGUCGACGAAAGUCGAGGCCCGUCCCGGAAACGGGAACCGGGAAACCGGUCGGACAGCAA
96	Cesspool	911841	hoglahoo	(..(..(....)..(((..(.(.(((...)))..)..)..)))..(..(....)..).(..(....)..).....(....)..)..)..(..(..(....)..(((..(.(.(((...)))..)..)..)))..(..(....)..).(..(....)..).....(....)..)..)..((..(..(....)..(((..(.(.(((...)))..)..)..)))..(..(....)..).(..(....)..).....(....)..)..))..((..(..(....)..(((..(.(.(((...)))..)..)..)))..(..(....)..).(..(....)..).....(....)..)..))	4	GUGGAAGGAAACAAGAUUGGAGAGGCAAAGCCGGCGGCUGGUUAAUUGCGAGAGUGGAUUGUGAGAGUGGAAAAAGGAAACAACUGCAACUGGAAGGAAACAAGGGUGGACACAGAAACUGGGGGGCUGCCCAACUGUGAGAGUGGAGUGUGAAAGUGCAAAAAGGAAACAACUGGAAGCUGCAACGAAAGAAUCCUGGGCGGACAAAGUCGAGAGUUGGGAAAUUGGGAGACUGGAUUGGGAGACUGGAAAAACGAAAGAAGUGGCAAGCUGCAAGGAAACAACCCUGCACAGCGAAACGCGGGGGGUGGGGAAUUGGGAAACUGGAUUGUGAGAGUGGAAAAACGAAAGAAGUGGC
97	Hoglafractal	1632102	hoglahoo	..(.((..(((((....(((((......))))))))))((((...((((.....))))))))(((..(((....)))))).(((...((((...((((......))))))))(((..(((.....))))))((.((....)))).((((....(((..(((......))))))((.((.....))))(((....))).(((((.....((.((......))))(((.....)))((....)).((((((......(((......)))((.....))...(((((((...))))))).......))))))......))))).....))))....)))...))..)...(.((.((((....((....))((....))((((((...)))))).)))))).)	3	ACGUCCAAGACUAAAAUGUUAUGAAAAAAUGAUUGGUUGGAGAAAUUACGAAAAGUAACUCCGUGAAGUAGAAAUACCACAGGCAAAGUAGAAAUAAUGAAAAAAUUACUACGGGAAUACGAAAAGUACCCGGAGCGAAAGCCCAGCACAAAAGCGAAGACGAAAAAGUCCGCGGACCGAAAAGGCCGAUGAGAGUCAGUGUUAAAAACCAUCGAAAAAGAGGCAGGAAAACUGGGGAAACCAUGAAUUAAAAAACUGGAAAAACAGGCGAAAAGCAAAGAUAUAUAAAGUGUGUUAAAAAAAGAUUUAAAAAAAGAUACAAAAAGUGCAAAAGCCAAAGGUUCAAACGAGAUAUCAAAAUCGAAAGAGCGAAAGUGAUUAUAAAGUGAUCAGAUACUGG
98	Bullseye	965280	hoglahoo	...(((((((...))))..((((...))))..((((...)))))))........(((((((...))))..((((...))))..((((...)))))))........(((((((...))))..((((...))))..((((...)))))))........(((((((...))))..((((...))))..((((...)))))))...	3	AAAGUCGGAUAAAGUCCAAGUAUAAAGUGCAAGUCCAAAGGAUGACAAAAAAAACGCGCUCAAAGAGCAAGAUAAAAUAUCAAAGGGAACCCCUGCGAAAAAAAAGGCGGUCAAAGACCAAGUUGAAACAACAAAGACAAAGUCUGCCAAAAAAAACGCGGUGAAACACCAAGAUCAAAGAUCAAAGAGAAACUCUGCGAAA
99	Shooting Star	913357	Brourd	(((((((((((((((((...(.(..((.(((.(((.((....).))).)))).).)..))..))))))).(((((..(.(..((.(((.(((((.(((.((((.((....).)))).))))).))).)))).).)..))..)(....)..))))(((((((((...))))).(((((...)))))(.(....).).)))).)))).((((.((((...(((((((...))))))).(((((...)))))))))(((((((...))))))).(((((...)))))))))((((..(....)(..(..(..(.(.(((.((((.((....).)))).)))).)..)..).)..))))).)))))).	2	UAUCGCCCCCGUGACAUAAAGAGUGCCGUGGACCGACCGAAAGCGCGCGCCAGGAGUGCCGGAUGUCACACUCCCUGGACUGGCGAGGACCUGGACAGACCUGACCGAAAGCGCAGCGCUGCGCAGCGCCUGGACUGGCUGGCGAAAGAAGGAGCUCCGCUUAAAAUAAGCACAUACAAAGUAUGGGGGAAACGCAGGAGAGGGGACUGCAGGGGAAAUAUAAAUAAAAUUUAUAAGCUUAAAAUAAGCCCCCCCUUUUAAAAUAAAAGGACCAGGAAACCUGGGCAGGAGCAACGAAAGGUGGUUGUGGAUGAGGACCGGACCGAAAGCGCCGCGCCUGAGGCUGCUCUGCGCUCAGCGAUAA
100	Teslagon	6050904	wawan151	......((.......((.((.......((.((...............)).........((...............)).)).......)).((.......((...............)).......)).((.......((.((...............)).........((...............)).)).......)).((.......((...............)).......)).((.......((.((...............)).........((...............)).)).......)).((.......((............((...............)).)).......)).)).......))......	0	Undisclosed
