puzzle_name,Solution with lowest dG(MFE) in Vienna 2
Simple Hairpin,CCGCCGAAAAAGGCGG
Arabidopsis Thaliana 6 RNA - Difficulty Level 0,ACAGGUCAAAAGCGGAAAAAAAAAACGCCCGACCGGAUCGGGCCGGUCACACCUGGUGAGCGCGCGGAAAAGCGCGAACCAGGUUGUGACCGGCCUGUGCCGGUCGGACGACCUGU
Prion Pseudoknot - Difficulty Level 0,CGGGACGCCCGGAAACGGGGUCACCGAAAAAAAAAA
Human Integrated Adenovirus - Difficulty Level 0,GGUCACCGGGGGGGGGGGUAAAAAAAAAAAAUAGCGGGGCCGCAGAAACCGCCGGAGGAAUCGCCUCGGGGCAAGAAAAAAAUUGCCCCGAGAAAAGCGCUCCGUAAAGCGUGCAAAGGGCCCUAACCCGGGGAAAGAACCCGGGCGCUUAAAAAAAAGAGUUACCCGCCCUAAAGCCCGGUAAGGGCCAAA
The Gammaretrovirus Signal - Difficulty Level 0,UACGCUGGCCCCGGAAACGGGGCUGGGGAAAGAAUCGGAUCCCGCCUGUGGGGGGAACCCCAGAAUCAGGGGGUCGAAACGCAAACGGAAACGUUUGCGGA
Saccharomyces Cerevisiae - Difficulty Level 0,CCGGUGGGCCCAAAUAAAAGGGCGGGGAGAAAAGAAAGAAACCAAAAUACACGAAACAAGUGUACCACCGGAAACGACACGCUACCCCAAAAAAAAGGGGCCCGAAAAAAAAAAAAGGGUAAGGGCCUGAAAAAAAGGCCGCGUGUCAAAACGGAGCCUGGGCCGGAAAAAAGGUCGCGGGCGAAAAAAGCCCGCAAGGGAGGGGAAAAAAUCCUCGGUUCCGGAAACUGCCCGGAGGGUCAAAAAAAACCCGGUCCGGAAAAAACGGACCAAAUCAAGAGAAAAAAUCUUGCGGGCAGAAAAGGCUGGCUAGCCGGAAAAAAACGGCCGCCUAGAAAAAAUAGGCGAAAAGACCAGAAAAAAUGGUCGCCAGCCAAAA
Fractal 2,UAAAACACGGCAAAGCGGGGCGUCAGACGUCGGAAGAGAAAACGACAACGCCGAAAUAAAAAGGCGACGACCGAAAAAAAAAGGUCAACUGACGCCCCAAAGGCGGGCCGGGAUCACGAGAAAAAAAGUGAAAACCUGAAAGAAGAAAGGUAAGGUCGAAAAAAAAAGACCAACCGGCCUGCCAAAGCGCCGUGCUAAACGAGAAAAAAAAAUCGUAACGGGGAAAAAAAAACCCGGAAGCUGAAAAAAAAAAGCUAAAGCACGGCGCAAAUUGCCGUGGAAAA
G-C Placement,CCCCAGAGGGGA
square,CGGGACCCCGGUCACGGCGGUCCCGGACACCGGGAGAACCCGCCGUUAAAGACCGGCAAAGGUCCCG
This is ACTUALLY Small And Easy 6,AAAAGAAAAAAAAAAAAAAAGAAAAAAAAAAAGAAAAAAGAAAAAAAAAAAAGAAAAAAAAAAAAAAAAAGAAAACAAAAAAAAAAAGAAAAAAAAGAAAGACAAAAAAAAAAAAAAAAAAAAAAAAAGAAAAAAAAAUAAAAAAAAAAAAAGAUAAAAAAAAAAAAAAAAAAAAAAAAAAAAAAAAAAAAAAAAAAAAAAAAAAAAAAAAAAAAAAAAAAAAAAAAAGAAAAAAAAAAAAAAAAAGAAAAAAAAGAAAAAAAAAAAAGAAAAAAAAAACGAAAAAAAAAAAAAAAAAAAAAAAAAAAAAAAAAAAAAAAAAAAAAAAAGAAAAAAAAAAAAUAAAAAAAAAAAAAAAAAAAAAGAAAAAAAAAAAAAAAAAAAGAAAAAAAAAAAAAAA
The Sun,AGCAGGGGCCGAAACGGCGACCCGCUAAAGAUAUGGACCGAAACGGUGACCAAUCAAAAGGCGGUUCGGAUACCGACUACCCCUAAACGAUGCCCGCGAAACGCGAAGGCUCGAAACCCACCCAGCCAAAGGCUCAGGGGGGAGACGCGCCCACGGAAACCGUAAGGGGCGGACGUGCAGCGACCAAAGGUCAGGCUCACAACGCAUGCUGCGGACACCGCUAAGCUGCAAAGGCACCAGUCGAAACGACAAUGGGCC
InfoRNA Test 16,CCGCCUGCCGUGGACGAAAGUCCAUCGAGGAGGCGG
Mat ‚Äì Martian 2,UUGAGAAAUCAGAAAUCCUGGCCGGCCGGGGGAAAAAACCCCGGCGCCAGGAAAACCCGGGGUAGAGAAGGUAGCUCACCCGGAGAAAAAAUCCGGGUAGCUACCAAACGCCCAAUGCCGGCGGAGAAAGCCGGCAUUUGGGCGGAAAAAACCCCGGGAACGGUCGGCCACUGCUGACAAAAAGCAGUGAUGCCGACCAAACGGCGAAAGCCG
snoRNA SNORD64,GGUCCUGAAAGUCGGAAGCGCAAAGCCGGGAAAAAAAAGAAACCGGCGGAGGCGAACGAAGAGGACC
InfoRNA bulge test 9,GGUGCCCUGAGUGAGCCGGGUGAGAGCCCGGCCCCGGGCACC
Frog Foot,GAAAAAAAAGGGGAGAAAUCCCGCCCGAAAGGGCGCCCAAAGGGC
Six legd turtle 2,UAUGACCAGAGGGAAACCAACGCGAAAGCAAAGGGAGACCAACGGGAAACCAAAAGGAAACUAACGCAAAAGCAAAGGGAAAAAAAAAAAAAAAAAAC
Fractile,GAAUAAAAAAGAGGGAAACCAAACCAAAGGGAAACCAACCGAGGGGAAACCAAAGGAACGGAAACGAAAGGCAGCGAAAGCAAAAAAAAAAAAAAAAAAAAAAAA
Small and Easy 6,GGCGCGCAAAGCAACCGAAAAAAAAGGGCC
Chalk Outline,ACUACGCCCAGGGGGGAAACCGCCCACACUCCGGAAACGGGUGAGGACUCGAAAGAUGUCCAGGGCCGAAAGGCACCGGGCAAAAAAAAAAAAAAAAAAAAGAA
Shape Test,GAAAAGUGGCCACGGCACGAAAAAAAGUGCCAACCCGUCCACCCUUGAAAAAAGGGACGGCAAAAGCCGAGGAGGGACGGCCUCAAAAAAAAAAAAAAAAAAAA
Tilted Russian Cross,AAGAAUCCCGGGCGAAAGCCCGCCCUUACGGAAACGUGCCGCCGGAAGGCGGACGUGGAAACACGGGGCCCGCGAAAGCGGGGGAAAAAAAAAAAAAAAAAAAAA
Six legd Turtle,UAAAAGGGGAACUGAAAAGGAAAGCGAAAGCAAACGGGAAACCAAAACGGAAACGAAAACCGAAAGGAAACGCGAAAGCAGGACCAGAAAAAAAGAAAAAAAAAA
stickshift,AAGGGGCGCAGAAAAUGACGCCCCAA
The Minitsry,GGCAACAAGGGAAAAACGUGAAAUGCCGAAAGCCAGAAAAAAAUGGAGGCUGCGGCCCGGCC
Spiral,CUAAAGACCUGACAGGUGCUGCGGGGAGGUGAGGGGUGGAGUAGGACCGUCGCGGAAAACGGAGGCCACCCCCCCCACCCCCCGAGCCCUGUCGGUCAGAAA
Shortie 4,GCGAAAGCAGGGAAACC
just down to 1 bulge,GUAAAGUGGACGGACGAAAGUCCGAGGGGAAACCCACCGACAAAACCGGACGGGGAACCGACCGGAAACGGACCGGGAAAAAACAAAAAAAGAAAA
Corner bulge training,UGCCACCCCGCCAAAGGCGGUAAUGGUGGCA
Adenine,GCCUGAGCGCCGAGGGCCCGGGGGUGAGUAGCUAACCCGGUAACACGCCCGUAAAAGGGCGUUCCGGGUAAAUGCGAGCGGCGGGAUGCCCGCCGGCAUUAAGCUACGCGGCCACUGCUCAAGGAGCAGUUAGGGCCGACACCCCAAAAGGGCCCAGAGCGGCGCCAAGCAGGU
InfoRNA bulge test,ACAAAUGGGAAAAAAAAAAUAAAACAAAACGCCAUAAAGCCCCAAAGACGGAGGGCCAGGGCGGGGGGGGAAAACCACCGCCAGCAAUGAGCAAGCCAGUAAAAGGGAGGAAAAAGGGUCGA
Still Life (Sunflower in a Vase),AAAGCCAACGACGCGAAAAGCGUCAAUGGGCAAAGCCCAAACAGUCGAAAAGACUGAAUUGUGAAACACAAAAACCGCGAAAAGCGGUAACCAGGGAAAACCUGGAGCGGAGCCGGCCCGGCAGGGCGAUCUGGGCAAGACCAGACGCCCCGAAAAAAAAAGAGGGCAGAGAGAAAAAAAAAAAAAAAGAAAAAAAAAAAAAAAAAAGAUGCCAGAAAAAAAAAUAGGGGCCGGCGGAAACGCCGCUCGCCCUGCCGGGUCGGCUCCGCACGGCCCGAUAAGGGCCAACCCGUGAAAAACGGGAACCGAGGAAAACUCGGAAAGCUGGAAAACAGCUAACCGGGGAGACCCGGAAGCACGGAAAAUGUGCAUGGCAUA
U,UGCAACCCGCUGAGACCACGUGGGGGGCCGAAAGGCCCCCUAGGGCCGCGGGAAAAA
Quasispecies 2-2 Loop Challenge,CCACAGGUAGCCGGAGCUGGAAGCGGCGACGGCAGGGCUGCAAAGUGGCCCUACCCAGGUGCAGGAAAACUGUGCAGGGGUUGCCAAAAAAGAAAAAAAAAAAAA
Shortie 6,CGGAAACGAGGGAAACCAGCGAAAGCAGCGCAAGC
loops and stems,GAACCGCUGCCCAAACCUGAACGGCCAAAGGACGAAAAAACGCAGUCGAAAGAAAAAAAGACUGAAAGUCCAAACGGUUGAAAAAAUAAAGCCAACGGCCAAACCCGAAAAAAAGGGAAACAGGAAUCGAAAAAGAAAAGGGCAGCAAAAA
Recoil,AAAAAGGUCCAGGCAAGCAACACGAGACAACCGGGCAGAGCAGGGGUCGGUGGGCGGCGGGACCAAAAAAAAAAAAAAAAAAAAA
Worm 1,AAAAAAAGGGGGGUGGGGGGGCGGGGAACGGCGCCGCGAGCGCGC
Runner,AAACACGGGAGGCCAGAAACGGGACACCCGGGGCCAAAUCCAUCGCCAGAAACUGAAUGCGGCUCCCAAAGGGUAAAGCUGGAAUAGGCAAACGGGAAACCGGGCCACCCGGACAA
Iron Cross,AGGGAGGGAGAGGUAGGGACACCCAGCCGAAAGGCAACCAACGGGAGUGGAAACACAGCGAAACGCACCCAAAGGCCCUGGAAACGGACGGACACCGAGCCAAACCCACGCAAAGCGACCCAA
[CloudBeta] An Arm and a Leg 1.0,AGAAAGGGACGGGGGAAACCGCCGGUCACCGAAAGGGACACCCAAAAAAAAAAGAAAAAAAAG
Documenting repetitious behavior,GAAAUACGGGAAAAAAAAUCGGGAAGAAAGCAAAAAAAAAUGGAAAAAAAACCGAAAAAAAGGCGAAAAAAGACCAAAAAAAAACCGAAAAAAUGCCAAAGUAAAGCCGAAAAAAAUCUGAAAAAAAGCCGAAAAAAAAGGGAAAAAAAAUCAAAAAAAAGGAGAAAAAAAGGAAAAAAAAAAGGGAAAAAAAAGCGGAAAAAAAGCGAAAAAAAACCGAAAAAAAGUCAAAAAAAAAUCAAGAAAGAGGAGAAAAAAAACCGAAAAAAAAGGAUAAAAAAAAGUAAAUAAAAGGAAAAAAAAGGGAAAAAAAAAGGAAAAAAAAGGGGAAAAAAAAGCAAAGAAAAAGGGAAAAAAAACGGAAAAAAAAGCGAAAAAAAAGAGCAAAUAAACCAAAAAA
Water Strider,CCAACAAGGGGACCGCCAGCCGAAAGGCCCGGAAACGGGGCAAUAUUGCGGGGCGACCCGGGGAAACCCAGCAGGGACCGUUUACACAAAAAAAAAAAAAAAA
Tripod5,CAUUCCCCCCGAGAAGGGGGGGCGAAAAGCCCGGAAAA
[CloudBeta] 5 Adjacent Stack Multi-Branch Loop,GCGCCCUCGGAAACGAGGGGAGAAAGCUCCCGCCAGGAAACUGGCGCUCGAAAGAGCGGCGCA
Flower power,GACACGUCCUCGCAAAGCGAAGGGCGGGCAAAGCCCAACCGCAAAGCGGAACUCCAAAGGAGGCCCAGGCCAAAGGCCGGACAAAAAAAAAAGAGAAAAAAA
Triple Y,CAAAACCGCGGCCCCUGGAAACAGGGCCUGAUAAGGCGGCCGCCCGCCCGAAAGGGCGCGCGAAAGCGCGGGCGCGGAAAAAAGAAAAAAAAAAAAA
Multiloop‚Ä¶,GGGCAUCCUAGGGGAAACCCACGCGAAAGCGAGGCGAAAGCCAGCGGAAACGCACUGGAAACAGAGGCGAAAGCCAAGGAGGAGGAGAAAAAUCCUCGGGGAAACCCGUCC
7 multiloop,CGGCGGGGUGAAAACCCCGGGACGAAAGUCCCGUUGGGAAACCAACGCGGGGAAACCCGCCCCCCGAAAGGGGGCGAGGGGAACCUCGGCCG
medallion,AGCUGCACGGGUAGAAAUACCCGGGGCGAAAGCCACGCGAAAGCGAGCCCCGGAAACGGGGCACCGGAAACGGAUCAGUCGAAAGACUGAAGGUGAAAACCACGUGAAAACGACUCACUGAAAAGUGAGACCUGAAAAGGAUGGACUAAAAGGUCCAACUUGAAAGAGAGUCGAAAGACAGGGACGGAAACGUCCUAGCAGAAAUGCACCGAGGGAAACCUCGGAGGCGAAAGCCAGGCGAAAGCCAGCCCGCGAAAGCGGGCACCGGAAACGGAGGCCGCGACAGCGGCUAGCGGAAACGCAGCCAAAAGGCAGUGCUGAAAGCAGCACAGCAGCU
The Turtle(s) Move(s),UAAGCGAAAGCAAAACUGCGAGGGGAGAAAAAACCUUCGCGGAAAAGCGCGAAAAGCGCAAAACGCUGAAAGGCAAACCCCAGAAAAAAUGGGGAAAAGGGAAAAGGAAACUAAAACGCCGAAAGGCAAAAGUUCCCGAAAAAAGGGAACAAAAGGGGAAACCUAAAAAGGGGCGAAAAAGCGACAAAAGCUACGCCGGAAAAAAGGCAAAGGCGAGAAAAAUCGCCAAAGGGGGAAAACCCCAACGCCCCAAAAAAAAGCGGAAACGAAAAACGGAAACGAAAAAAUCCGGGGAAAGAAAACCGGAAAAAAACCC
Misfolded Aptamer,CGCUAAGAAAGGGCCAAAGGCAGCGAAAGCAAAAUAAAGCCGGAAGAGCG
Kudzu,GAAAGGCGGCGAGGGGUGGACCCGACCAAAGGCGAGGCCGAGGGCAAAGCACCUCUACGGAAACCGAAGACCGCGAGGCGCAAGAAAAAAAAAAAAAAAAA
Kyurem 7,UAGAAGGCCCGCGCCGAAAGGCGGGAAAUGCGUAGGCGAAAAGCCACCCCUCGAAAAAGAGAAUGGGGCGCCCCGCGAGGCCAAAAAAAAAACAAAAAAAAA
JF1,UCUGUUAGGCUAGAAUGUGGACGGAAAACGCGAUGGAGGCAGAGGGCCUGGUGGUGCACUACGCGCGGCGCGGAAACGCGCCGUGCGUGGAAAUGGAAACAUAGCCGCCAUGGAAACAUGGCGGCACGGGCCGAAAGGCCCAGCACCAAAGGCCAUGUCUAAUCGCGGAAGGGUCUGCGAAAAGCAGGACCCAACUCCCCGUCGUGGCCCGGGGGUCGGAAACGACCCCCGGGCCACCGACGGGGAGAAAGGCUGGAAAAACGGCCCCCGUGGGAAGAAAUUUCCACGGGAACGGAUGAGAAUCCAACCGUCUGCGUUCAGGCGACGGACUCGAAAGAGCCGCGCCACCCCCCCUUGAAAAAGGGUGGGGAAGCCGUAGUCGGAAAA
Fractal star x5,UAAGACACCCCGAAAGUUGGAAACAACAACCGCGGAAGCGGGACGCCGAAAGGCGGACGUCGAAAGACGGAUCGGGGUGGAAAAGGAUCCGCGACAGAGAAAUCUGAACGGGGAAACCCGGACCUCGAAAGAGGAAGCAAGAAAUUGCAAGCGGAUCCAAAAAGCUAGGGGACGGCGGAGACGCCAAGCUAGAGAUGGCAACGCGGAAACGCGAACGUGGAAAUACGGACCCCUAGCAAAAACAGCGGGCACGCACGAAAGUGCCAGUGUGAAAGCACAAAGCAGAGAUGCUAAGGGAGAAAUUCCAAGCCCGCUGAGAAACCGGGCAUAAGUCGGAAACGGCAACCGUGAAAACGGACGGCCGAAAGGUCAAUAGGGAAACCUAAAAUGCCUGGGAAAG
Taraxacum officinale,AGGGGAAACGCCUGCCGGGAAACGCGGGUGUCGAAAGAACAGGUCCGGAAGAGGCAGCGAGAAAUACGCAGGUGGAAACGACCACCCGGCUCACCCGGUCCAGCGGAUACCGCGUGGACCGACGCUGAUCCUCUCGCCUGGGCCCCAGAAACUGGGGCAAGGUGAGAGGCGGAUGGGCCGAAACGGCCCUCCGCGGCGAAAGGUGAGCCGGGACCACGAGAGUUGGAGGCAGAAAUAGCCAGGCUGAAAACGCCAGCCCGAAAGAGGCAGCGCGAAAGUCGC
Loop next to a Multiloop,AAGCGCGGGUUAAAUAACGGGGCCGGAAACGGCCCAUGUCGGGGAAACCCGGCAAGGAAAAAUGCCCGCGCGA
Bug 18,CGGGGCAGCGGCGGGCGAGGGGCAAAGCGACCAGCAGCAAGCGGGCAAAACCA
Variation of a crop circle,GAACGCGAAGCCAAAACCGAAGGCGGCGGGCCAAAGGAACGAAAAGCAAAAAAGGGAAAAAGGGAAAAAAAAAGCACAAAUAGAAAAA
Branching Loop,GGCCUGGAAAAAAACGGGGGAAACCCCAGAGGCAAAAAAA
Pokeball,AAAUCCCGCCCGAAAUGAAGGAGGCGAGCAAUGGACUGACGCAGGGAGCAAAGCACCGACGAAGGCAGGGCAGCCACUAAUGGCGGGAAAGAGAAAGCGGGCUAAAGGCGGAGGACGUAACCUGGGGGCCGGCUGGCCAGCCAAAGGGGGAAAGAGGACCUGGGGACGACUAGCGGCCCGUAGA
hard Y,UUAACGGGGGGACCGCCGCGGAGAUGCGGCGCGCCGCGCCCCGGCGAAAGCCGGGGCGCCCCCAAAAG
Mat - Cuboid,GUGGCGAAACCAAGGUAAAGGUGCGUAAUGGAGGGGGCAAAGGCUGAUUGGGCAAUGUGCUUGGCUGCAUAAUGGGGAGGGCGUGCCGAAGCGUGCUAACCUGCAGGGGUUAUGCUGGGGGUUGGGGUGCCAGAGGUUGGCGGCCAGCUGGGGUGACCAAUGGAGUGAAGCGGACGGCGUGGGAAAAGAAGCCUGGGGAGGUGGAGAGGGAAAAACCGAUCUGCCGACCUGGGAGUCCCUGCGAAGUAAGCGGCAAGCCGUUGCCAGAGAGGGGAGUUGACGGUGCCAAAAUACUUGGCCCAAUGUGGGGGAGUGCGGGUGCGAACUAACCUGUGGCUGAGUGUCCUGAUUGGCGCAACCGACCGUGCCCCGGGGGCUGU
Bug 38,AGCAGGGGCGAGCGCAAAGGGCAGCAACCGAAGGCA
Crop circle 2,GCGAAGGGAAAGGGAAAGGGAAAAAAAAAGGGGAAAAAAAAAAAAAAAAAGAAAAAAAAAACCGUAAAAAAAAAAAAGCCAAAAAAAAACCGAAAAAACCGAAAGCAAAA
Misfolded Aptamer 6,AAAAUAGCCGAAAAGCCCGGAGGAAGUGGGAAAAGAACCAAGAACGAAAACGGGAAAAAAAGGCAAAAAAAAAAA
Headless Bug on Windshield,AACGCCGAAAAGCCCCGAGGUGCGGGAAAAGAAAAAGACAAAAAAAAAAACCGGACAAAGGGUGCAAAGGGGUAGCCAAGCUGACAGAAAAAAGGGAAACCGAAAAAAUGAGCGAAAAGGGCAGGCGCGAACAAACCGGAGGUGGAGGGCCAGAUGAAAAAAAAAAAAAAAUCCGGGAACUCUGCCGCGGGAGCAAGCCA
Fractal 3,AAUAGGCCCAAGCACGGAAACGCCGAAAGGAGCUAGUCACGGAAACGCCGAAAGGAGGCACCCAGGGAAACCGCGAAAGCAGGGAGGCAGGGAAACCCGGAAACGAGCCAGGGCAAAAA
Shapes and Energy,UUCGCAUGCUGGGGCACGGCCGCCAAAAGAAGCCUCGCGAAAGGGAGGAAGCGGCGGCCGACGGUAAGAUCCUGGGAACAGGCCAGCCCCGGGAAAAAAAAAAAAAAAAAAAAAA
Hard Y and a bit more,CCAAAGACCGGGACCUGGGAAACCGGCGCCCCUCCGCCAAGGCCGAAAGGCCAACGGGCGAAAAAGCCCGAAGGGGGAGGCGGUCAAAAAAAAAAAAAAGAAAAA
Snowflake 4,GGGCAAAGCCCGGGUGUCGAAAGAGGAGGAAGGCCCGCGAAAGCCCUGCGAGCAAAGCUCAACGCCUAAGGCGGCAGGCGGAAACGGGGCCAAGCGUGCCGAAAGGGGCCGGGAUAAAAUCCAAUCGCAAAGUGACGGCCGGGAAACCCACGCAACCCUAGGGAAACCGUCUAGAGCAAAGCUCAUUCGGAAGCCGAUAGACCCGAAAGGUAGGGAAAGUCCGGGAAACCCUCGCGCCCAAGGGGCAGAGUCAAAGACUGCGAGCCGAAAGGGGACUAAGCUGCCCGAAAGGCGGUCGGUCGAAGACCUAACCGAAACGGUGACCGGGGAAACCGCAGCAACCUCCGGGAGACCCACCCGCCGAAACGGC
Snowflake 3,GGGCCGAAAGGAGACUAGGAAACUAACGAGUAGGCUAUGGCGGAAGCCGCGAUCGAAAGACCCAAAGGGGGGAAACCACGCGGGGAAACCCUAAGCCAGCGAAGCUGGAAACAGGCCAUCGAAAGACCCAAAGGGGGGAAACCAGGCGGCGAAAGCCAAUCGCAGCGGAUAUGGAAACAUGGCAAGGAAACUCCCAAAGGGGCGAAAGCAGCCGUCGAAAGACUACCGCAGGUCAUGCCGAAAGGCCCCAUCGAAAGACCCAAAGGGGGGAAACCAGGGGCGGAAACGCGAGACCAGCCCAUGGCGAAAGCCCCUAGCGAAAGUCCCAAAGGGGGGAAACCAAGGGAGGAAACUCGAGGGCAACUCAGAUGGAAACAUGUCAUCGAAAGACCC
Anemone,GAUCUGGACGAAAGUCCAGCUGGGGAAACCCAGGCGGUCGAAAGACCGCGGCGCGAAAGCGCCGGCGGGGAAACCCGCCGCCGCGAAAGCGGCCCAGGGAAACCUGGGGGGUGGAAACACCCCUGCCGGGGAACCGGCGGGGGUGAAAACCCCCGUCGGGAAACCGACGGACGUGAAAAUGUCCGUCUCGAAAGAGACGCUCGCGAAAGCGGGC
Snowflake Necklace ( or v2.0 ),GGGCGCGUGGGCUGAGCGACCGGCGUAAAGCAGCGAAAAGCACCGAAAAGGAGGGAAAACCAGGGAAAACCAGGUCGAGAGGAAAACUCAGCGGAACCGAAAAGGAGGGAGAACCAGGGAAAACCAGCGAAAAGCAGCGAAAAGCAUCCGCACACGUAAAGUGAGACACAGCGAAAAGCAGCGAAAAGCACCGAAAAGGACCGAAAAGGGGGGAAAACCAGUGUCAGCCGAAAAGGCAGGCCCAGCGAAAAGCAGCGAAAAGCACCGAAUAGGAGGGAAAACCAGGGAAAACCAGGGCCAGGCGAAAAGCCAGAGGCAGCGAAAAGCAGCGAAAAGCACCGAAAAGGAGGGAAUACCAGGGAAAACCAGCCUCAUCAGCUCACGCGUCC
Kyurem 5,UAACAGGGGCGCGGCGAGAGCCCCCAAAUUCCGCGCGCAUAGCGAAAAGCUCGCGCCCGAAAAAGGGACGGAGGGGCGAUCCCCAAAAAAUAAAAAAAAAAAAA
Bullseye,GAAGCCGACCAUAGGUCGACGCCAGAGGCGAAUGGCAAAGCCAGGCAAUAAAAAGGAGGGGACACCCCAACCGCAUAGCGGACGCUCAAAGAGUUCCAAAAAAAAGGGGGGCAAAGCCCACGCAGGAACUGCAAGUCCAAAGGACCCCAAAAAAUACCCGCCCAAAGGGCACGCUGAAACAGCAACCGGAAACCGGGGGAAA
Short String 4,GACGAAGCAGCAGGGUUCAAAGAUGACGGAAACGCAGGCAACGUACGGCCGAAAGGAAGUUUCAAAGUCCAGGCGCAAAGAAAAUAAAGAAAAACAA
Chicken Tracks,AACUUAACCGUGGCCCCGCGGAAGCGGAACCGGGAAACCGGAUGCGCGAGAGCGCGGCCACGAAGUGGCCGAAACGGCGAAGGGACACCCUAACGCGAAACGCGCACAAAAAAAAA
Multilooping 6,GACGGGUGGCCCGCCGAAAGGCGGACCCGGAAACGGGUGCCCCGUCUUGGAAACAAGAACCCCGAAAGGGGUCGGACCCGAA
[RNA] Repetitious Sequences 8/10,GCAACAAAGCGAAAUAGUAAAAAAGGCAAAAGAGCGAAAAAGCAAAAAAGGGGAAAACCAAAAACGCCAAAAAAGCAAAAA
[RNA] Repetitious Sequences 8/10,AGCAAAAAAGGGAAAGACCAAAAAAGCAAAAAACCGAAAAAGGAAAAAAGCAAAAAAGCAAAAACGCAAAAAAGCAGAAA
"1,2,3and4bulges",UACAACCCCAGCCCCGAAAGGAAAAGGCAGCGGAGACGCAGGUGGAGAAGCGCAGGCGAAAGAAACCAGGGGAAACCCAGCAAGCAAAGAAAAAAAAAAAAAAAA
"1,2,3and4bulges",AAAAAGGGCAGCCGCGAAAGCAAAAGGCCGGGGCAACCCAGCACCAAAAAGCGCACCCGGAAACGUAAGGAGCCGAAAGGCAGCAGGCAAAAAAAAAAAAAAAAAAAA
Simple Single Bond,GAAAAAGAAAGGAGCCCGAAAAGGGUGAAAAGCAAAAAAAAAAAAAAAAGAAAAA
Simple Single Bond,UCAAACGGAAAAAAAUAGCCGAAAAGGCUUAAAAAAAACAGCAAAAAAUAAAAAGAAAAAA
multilooping fun,GCAGGACAGGAAACAGGAAACAGGACAGGAAACAGC
multilooping fun,GCCAGUGGGAAGGAAACUAGCGAAAGCACCUGCACGAAAGAGGC
Chicken feet,ACAACGGACCAGCUAAGCACGGAAACGGAAGGCCACCACCAGGAUACCAGGGAAACCAAAGGGGAAAAA
Chicken feet,UAAACGGAGCAGCAAAGCAGCAAAGCAACGCCCAGGACCAGCAAAGCAGCAAAGCAAAGGCCAAAAA
Mat ‚Äì Elements & Sections,CUAAAGGGGGGUAAGGCCGCAGGGGCGCGCGCGGGCGCGCUCGAAAGAGGGACCCCGGACCGCCAAAACAGCGGGCGAUCGCCCCAAAAAAAAAGAAGAAAAAAA
Mat ‚Äì Elements & Sections,GGAAACCGUGGAAGAGGCGGGCUGGCCGGGUCUGGCGCGGGGGAAACCCGGACCCAGCGCGGGCCUUAUGGCCGCGUAAGCGACGGAAAAAAAAAAAAAAAAAAAA
Campfire,CAUACGGUAACAGCCAAGCGGUAGAGUAAAAAACUCGGAGGCGAAGCCAUCCCCGCCCCGUGAGGACGACCGGCGAAAGCACGGCGCCGCCCCAGGUCGACGGAAACGCGCCGGGCUCGGCGAAAGCGCAGACCCAAGGAGGCCACUGGGGGCUGGCCAUCGUGCGUGCGCAAAAGCGCCGCCGAGGCCCCGGAAACCGAGGAGCCAGGCACCG
Campfire,UAAAGCGCUAGGGGCAAUGCCAAUUCUGAAAAAGAAGCCUCGAAACGACGGCGGCACCGCGGAGCACGAGCCAGGAAACUAGGCCGGCGGGGCAGGAUGAUCGAAAGACACCGCGGACCGGAAACGCGCGCGCUAGCACCCCCGUUGGGCCCCGGCAUCGUGCGACUCCGAAAGGAGCGCCGAGGGCGGGCGAAGCCACGACCCAGCCGCGC
Methaqualone C16H14N2O Structural Representation,UAAAAAACCAGAUCGCAGCCAGCUGAGAAGCGACCACGAGAAAUCGACCUACCCGAAAGGGACGCACCCGUAAGGGAGUAGAAAAAAUGCAGCGAAGGAGGUAGGCAGAGACAGCGAAGCAGCAACCACGCAAAGGAUACCGAAAAAAGGCGAGGCGCCGGAAACGGGGGGAGACCCGGGGAAACCCGCCAGGAGAGGACAGAAACAGGCAGGGACGGAGGAACACAAAAGGCAAAAGCCGGUGGGUCGAAAGACAUCCACCCAAAAGGGACCGAGGGGAGACCCACCCAGCGGCCGAGAGGCCCCGAAAGGGACGCGAAAGCGCGCAGCCAGUCCAAACUGCACUGGAAACAAU
Methaqualone C16H14N2O Structural Representation,CGAACCACCCCACCCCACGUAGCCGAAAGGCAGGGACCUGAAAAGGACCGCGCAGAAAUGCACUGACGCGAAAGCGAGCCGAAAAAGGCACAGACGGACCCAGCGAGGAAACAGGGGAGCCCAGCGGGAGUGGAGGCGAAAGCAAAAAAAACACAUGCGGGGGAAACCCGGGGAAACCCCCUGAAAAGGGCAACCCAAACUCUACGAAAGAUGCAGCUACUCAAGGACCAGAAGCUGAUAAGCAUGGACGGGAAACCGACCUAUCAGGAAUGAAGAGACCCGAAAGGGAGGCACCCCAGGAAACUGACCGUAAGGUACCGGAAACGGGGGAGCAAAGAGAACGGGCAGGGGAAAAAAA
Spiral of 5‚Äôs,GAAAGUUGGAUAACCGCCAAAGCGUAGAAAGGCCCUAGGACCUGUGUGCCGAGCGUUGGAAAGGGCAGAGCGUUCAAAGGCCCGGGCUAGGAGCCUCGGAACGGUAAAGCGCCAAUGGUGGAACACGGGGGCGGGGACCGGGCGGAGCCGCGUCGAUGGGGACCCCGAAAAGGGGUGAAAACCCCGGAAACCGACGAAGAAGGCUUAAAAACCCGGGAAAACCCGCAAAAACCGUGGAGAGCCACCUAAAGGGCGCGAAAGUACCGGAAAACGGGGAUAAACUAGCAAAAAGGGCUGAAAGGAACGAAAAAUGCCCGAAAACGGCGAAUAGCGGCAAAAAAAGGUCAGAAUGGGUCGAAAAUACGCGAAAGGGCGGGGAAUUCCGAAAAGCAAAAA
Spiral of 5‚Äôs,GAAAUAGCCAGAUGCCCCGAAGGCGCAAAGCGGGUUAAUCCCCGAGACCGUAGGGCCUGAAAGCCCCGAACCCGGGAACCCCGAAUGCACGAGACACGGAAUGCUCGAGGGACAAGGCAUCGGUACCCAACACGCAUCAAUUGGGGACUAGGCGUAAUCCAGGCCCGAAAAGGGCCCAAAGUGGAUGCAAGACGCCGAAAGAGUCCAAGAAAAUUGUCAGGGCGUGGAAAGGGGUAAAAAAGGUGCAAAAGGUCCCGAAAAGGGCAGAAAAUGUGUAAAAGGUGCAGAAAGCGGGGAAAAAUCGGGGAAAAGGGGCGAAAAAGGCCAAAAAGCGGUGAAAAGGGGAGAAAUACCCGAACAGGCGCCGAAAAGGGGCUAAAAUGGCUUAAAGCAAAAA
Zigzag Semicircle,CAACGGGGGGGCGCGAAAGGACUCACCCCCAAAA
Zigzag Semicircle,AGAAGGUCCCCGGACCGAAAGGCGCGAGAGGACCAUAA
Cat‚Äôs Toy 2,CGCAGUGGCCGGUGAAGCAAGGAAAAAAAAAAAAAAGAAACACGCCAAACCGAGAGGGAAGGGAAACCAAAAAAACGGCAAUAAACGCCCGGCCAUAAAA
Cat‚Äôs Toy 2,AAAAGCGCCCGCCAAAGCACGGAAAAAAAAAAAAAAAAAACACGCAAAGCGAAAGCAAAGCGAAAGCAAAAAAACGCAAAAACGCGCGGGCGCAAAA
Gladius,GGAAACAAGAAAGCAAGGGGUGGGGCGAACCCAAGCAAAGGCCGAAAGGCCAGUGCUGACGCAUGACGCGCCGGCGGCUCGAGGGCAAGACCGCUCCGCGCGUGGACCGGCGCCCUCGUACAAAGUACUGGGACCCGGCGCACGGUUGGAGGUGUCUUGCGACGGAGCGAGAGGCGGAGGAUGGAGGGGCACAGCUAAAGACAUGGGUGCGAGCGGCAGGAUGACGCAACCGGAGUGGCGUGCGGGUCUCGGCUGCGCCAGCGCCAGUGCGCAGAAAUGCGCAAAUGGGACUGGACCAGCGCAGGCCGCCACGCCAGCAGGGUUAGGACAUCGGAGCGCAGAGGCCCAAGUGGGAAACCACAACGUCAGGGGAAGAACGAAACAAGGAACGCAACGAAAG
Gladius,UCGAAAGGAAGGAACAAAGGACGGGGCAAGGAGACGUGAAGCCGGAAACGGCGGGAUGGACCGGCGACCCAGGCGGGUUUCGGGCUUGCGCGCCCCUGCGCUCCGCGUUCGGGCGGCCGCAAAGCGGAGCCGCAACGGUGAGCCAAGGGGGACGCGAGCCGCAAAUCGCCCUGGCGCGCCGCGCCAUCCAGCGAACCCUACGCACGGAGGCUGAGGACACCAGAGAAUCGGAGGGGGCUCGCCGCGGCGCACGCGCGGGGACGGGGCCCUGGAAACGGGGCGACCGCGCCCGACCGUGACCCGCGCGGAGCCCCGCAGGAUUGCGAGGUGACGCUAGCGCAGGUGCGAAGCGGAAACGCUAACAGGACUCAAGGAACGGGACGAGGGAACAACGGAAACG
Thunderbolt,GCGGCCCCCCAAAAAACGGGGGGGUGCAAAAAGGAAACAGGGCUCCGAAAAAAAAACUGAAAAGGCGGGAAAACCGCAAAAAAGGAUAGGGACGACUAAGAGUGGGAGAAACUGCAACGGGGGAAAACGGGAAACCAGGGUAAGAAGAGGAAAGUUGGUGCAAAGGGCUGAAAAAACUCACAUUAAGCAAAAAAAAGGCGGCAUAGCGGAAUGAAAAAGGAAGAAUGGGAAAAAAGCCCAAAAAAGCCGGAUACCGGCUAUCAACGGAAAGAAAAAACGGACUAAAAAAAAAGAAUCGCGAAAGCCGGCCGAAAAGUGAAAGAAAAAAAAGCGGCCGAGGAGGCAAAUGGAGCCCAAAAAAAAGGACAACCGCAAAAAGGAAAAAACAGGGGGAAGCA
Thunderbolt,CGUGGAUCCAAAAGACAGGGGGGCGGCAAAACGAAAACAUAGCGCGGAAAAAAAAAGCGAAAAACUGGGAAAACCGGGAAAAAGCAAAUGGAGGAAAAAAAGGACAAAAAAGCACGAGGGAGGAAAAACGAAAGAUGACAAAAACCGAAAAAGGGCGGCAAAGGCGAACGAAGGCGGAGGGGCAACGGAAAAAGGGGGGCAAAGCGCAACGAAGAGAGGAACCCCAGAAAAAAGUCAAAAGAGGGAGCAAAGCUCCUACCGACCAAAAAAAAAAAUCGACAAAAAAAAAACUGGCGAAAGGCCCCCAAAAUCGAAAAAAAGUAAAGGGGGGCGACUGGAAAUCGCGCUAAAACAAAAGGCGAACCGCAAAAAGGAAAAAACAGGAUCAGUGA
Mutated Chicken feet,UAAAAAAGGAGCAGCAAAGCAGGACACCAAAGCCCAGGACCAGGAUACCAGCAAAGCAAAGGCCACCACCAGGACACCAGCAAAGCAACGGGGGAAAAAA
Mutated Chicken feet,AUGAAACCGACCGGCGAAAGCAGCAAAGCAAAGGCGAGGAGGAGGGAAACCAGCAAAGCAAACCCCAGGACCAGCGAAAGCAGCAAAGCAAAGGCCAAAAAAA
Cesspool,GAGACAAAGGAAACUAAGCCAGGGCACACACAGUGGGGAACGGGGCAAGGGGGAAACAACAGGAGGAAACGACAAAAAGGGAAACCACGGAUCACGAGGCAACCGAAAGGAAGGUAGGGCAGGGAUACCCGGGAACAGACCAACGACGAAAGGAGAGGGCGAAAGAACAAAAAUGGAAACAACGAAUCAAGCAACAACCGAAAGGAAGGCACGACAUCCAAAGGAGGGGAGGGGCCAAGGAGGAAACGACAGGGGGAAACAACAAAAAAGGAAACUAAGGGGCAAGGGACAAGGGAAACCAAGGCAGGACACACAAAGUGAGGGACGGGCCAAGGACGAGAGGACAGGACGAAAGGACAAAAACAGAAAUGACGGACC
Cesspool,GGACAACGAGAGGACAGAGCAGGCGGAAACCGGACGGGAGCUGAAGGGCGAAAGAACAGGGGGAAACAACAAAAAGGAAACAAGGACAAGGACAAGGAAACGAGCGAACACACGGAAACCGGGGGGGGGCGCAACGAGGAAACGAGGGGACGAAAGGACAAAAACGAAAGAAGGACAACUAACAAGGAAACAACGGGACAGGGGCAAAGCCGACGGGGACCGAAGGAGGAAACGACAGGAGGAAACGACAAUAACGAAAGAAGGGAGGAGGGAGGAGGAAACAAGCCAGCACGGCGAAACGCGAGAGGAGGGCAAGGGGGAAACAACAGGGCGAAAGAACAAAAAGGAAACAACGACC
Hoglafractal,GCGUCCAGAGGGUAAAGCCUACGAAAAAGUAGGGCCCUGCGAAAUUCGAGAAAAUCGAUCGCGAGUAAGCGGAAGCUCUCAGUCAAACCACAAAUCCCGAAAAAGGGGGUGGCGCAAUCCGAAAAGGAGCGGGACCGAAAGGCCAGGGAAGAACGGUCACCAACAAAGGUCCGCGCGCGAAAAGCCGGCCGAAAGGCACAGUGAAAAUAGAGCGAAAAAGCCUCCCAAAAAGGGUCGAAAGAAUGGGUGAAAAAACGGGAAAAACCGGGGAAAACCAACUGCGCUUAGAGAGCGCAAAACAAAUACCCAAAAAAACACUGGAAAAUCCCAAACGACAAAGGUUCAAACGUGACACUAAACAGGAAACUCCGAAAGGUCCAUGAAACAUGGAAAGUGCAGG
Simple Hairpin,CCGCCGAAAAAGGCGG
Arabidopsis Thaliana 6 RNA - Difficulty Level 0,GGCGCCGAAAAUGCGAAAAAAAAAAGCACGGAGUCCUGAAGGGCAACCGGGGGGAGGAAGUCCCUGAAAAAAGGGAACCUCCCGCCCGGUUGCCCUUAUGGACUCCGAACGGCGCC
Prion Pseudoknot - Difficulty Level 0,CGGGACGCCCGGAAACGGGGUCACCGAAAAAAAAAA
Human Integrated Adenovirus - Difficulty Level 0,GGGCGCGUAGUCUUGCCGGGGAAAAAAAAAAACCCGGCACGCCGAAAAAGGGGCGGGUAACGGGCCGAGUCGCCGAAAGAAAGGCGACUCGGGAAACCCCCCGCAAAACCCCGGGGACCGUGCGACUCCCGCGAAAAAAGCGGGACGGGGAAAAAAAAAAGCCCCGGGAAGGUAGUCUGCGCUAUGCCCAAA
The Gammaretrovirus Signal - Difficulty Level 0,AAGGCAGUCACAGGAAACUGUGAAGGGCAAAAUAGUCCAAUCAUGGGCCGGGGGAAACCCCGCAAAGCCCUGAGGACAAGCGCGGAGGAAACUCCGCGCAA
Saccharomyces Cerevisiae - Difficulty Level 0,CCCCCAAUGCCAAAAAAGAGGCAAGGGAAAAGAAAAAAAGACCAAAUCUGGAGAAAAAAUUCAGUUGGGGGAAACGGCCUGCUAUUGGGGAAAAAACCAACGGAAAAAAAAAAAAACCGCAAGGGUUCGAAAGGAGAACCGCAGGCCAAGAUGGCCGGAGCGGGGAAAAAAACCCGGCGCAGGAAAUUACUGUGCGAACGGUCCGAAGAAAGGACCCCGGCCAAAAAUCCGCCCUUGCUCGAAGAAAAGAGCGGCCGCAAAGUAAGCGGCCAAAGGCGGCGAAGAAAGCCGCGGGCGGAAAAAUGCUCCCGUGUGAGAAAAAAAUCACCUUCAGGAAAAAACUGGAGUUGGCGCACGAAAAAAGUGCGGGGAGCAAAAA
Fractal 2,AGAACGGGGUGGGAAACGGGUCACCAAACUGUAAAAAAAAAAACGGAAGCCUGAAAAAAAAAAGGCAACCAGGAAAAAAAAACUGGAAUGGUGACUCGAAACUGGCUGGGGAAGAGGAAAAAAAAAACCUCACGCGCGAAAAAAGAAGCGCACGGGGGAAAAAAAAACCCCAACCCCAGCCAGGAAGGGAGGGCGGAACCGCGAAAAAAAAAGCGGAACGGAGAGAAAAAAAUCUGAAGUGGGAAAAAAAAACCACAACCGCCCUCCCAAACCCACCCCAAAAA
G-C Placement,CCCCAGAGGGGA
square,CGGGACCCCGGUCACGGCGGUCCCGGACACCGGGAGAACCCGCCGUUAAAGACCGGCAAAGGUCCCG
This is ACTUALLY Small And Easy 6,AAAAGAAAAAAAAAAAAAAAGAAAAAAAAAAAGAAAAAAGAAAAAAAAAAAAGAAAAAAAAAAAAAAAAAGAAAACAAAAAAAAAAAGAAAAAAAAGAAAGACAAAAAAAAAAAAAAAAAAAAAAAAAGAAAAAAAAAUAAAAAAAAAAAAAGAUAAAAAAAAAAAAAAAAAAAAAAAAAAAAAAAAAAAAAAAAAAAAAAAAAAAAAAAAAAAAAAAAAAAAAAAAAGAAAAAAAAAAAAAAAAAGAAAAAAAAGAAAAAAAAAAAAGAAAAAAAAAACGAAAAAAAAAAAAAAAAAAAAAAAAAAAAAAAAAAAAAAAAAAAAAAAAGAAAAAAAAAAAAUAAAAAAAAAAAAAAAAAAAAAGAAAAAAAAAAAAAAAAAAAGAAAAAAAAAAAAAAA
The Sun,GACAUCCCCGGCAACCGGUAGGAGUCAAAGCCACGCAACCAAAGGUUAAGCGGGCAACGAACGCCGCUAAAAUAGCAAGGCUUCAAAGGUAUGGGCCCAGAGGGCAGCCGACCAGAUCGUGCCAUUCAAAGAGUAGGGCCGAAAAGCGAGGGGGGGACACCCCGACCCCGCAAACGUGCCGACCGAAACGGUGACGGACGGAACCGUGCCCGUCAAAGACGUAGGCCGGAAAGCGUGGCCGGCAAAGCCGAUGCCCGC
InfoRNA Test 16,CCGCCUGCCGUGGACGAAAGUCCAUCGAGGAGGCGG
Mat ‚Äì Martian 2,UUGAGAAAUCAGAAAUCCUGGCCGGCCGGGGGAAAAAACCCCGGCGCCAGGAAAACCCGGGGUAGAGAAGGUAGCUCACCCGGAGAAAAAAUCCGGGUAGCUACCAAACGCCCAAUGCCGGCGGAGAAAGCCGGCAUUUGGGCGGAAAAAACCCCGGGAACGGUCGGCCACUGCUGACAAAAAGCAGUGAUGCCGACCAAACGGCGAAAGCCG
snoRNA SNORD64,GGUCCUGAAAGUCGGAAGCGCAAAGCCGGGAAAAAAAAGAAACCGGCGGAGGCGAACGAAGAGGACC
InfoRNA bulge test 9,CCGGGUGAGAGACACCCAGCGGAAACGCUGGGGCCCACCUGG
Frog Foot,CAAAAUAAAGCCCCGAAAGGGGGGCCGAAAGGCCGCACAAAGUGC
Six legd turtle 2,UAAAACCAAAGCGAAAGCAACGCGAAAGCAAGCCGAAAGGAAAGGGAAACCAACGGGAAACCAACGGGAAACCAACGGAAAAAAGAAAAAGAAAAAAA
Fractile,UAACCAAAGAAAGGGAAACCAAAGCUAAGCGAAAGCAAGGUAAGCGAAAGCGAUCCAAGGGAAACCAACGCAACCGAAAGGGAAAAAAAAAAAAAAAGAGAAAAA
Small and Easy 6,GCCGGGAAAACCAACCGAAAAAAAAGGGGC
Chalk Outline,UAGAAGCCUAGGCUGGAAACAUGCCAGGCUCUGGGAACAGGCCACCCGGCAAAAGCGCGGGACGCGCGAGAGCGACGAGGCAAAAAAAAAAAAAAAAAAAAAAA
Shape Test,UAAAAGGCGGCAACCGCCGAAAAGAAGGCGGAAUCGCAGCACCGCCGAAAAGGCGGACAGUGAAAACUGAGCUCGAAAGCCGGCAAAAAAAAAAAAAAAAAAAA
Tilted Russian Cross,GGAAAUGCUCCGGGAAACCGGCACCGGGCGAAAACGCCGACCAGAAAUGGUCACCCGGAAACGGGGGUGGGGGGAAACCCCAGCAAAAAAAAAGAAAAAAAAAAA
Six legd Turtle,UGCAACCACAACCGAAAGGAAAAGGGAAACCAAACGCGAAAGCAAACGGGAAACCAAGAGGGAAACCAAACGCGAAAGCAAGAGGGAAAAAAAAAAAAAAAAAAA
stickshift,AAGGGGCGCAGAAAAUGACGCCCCAA
The Minitsry,GCCGAAACGGGGAAAAGCCAAAAGCGCAAAGAGGCGAGAAAAAGCCAGCGAGGCACCCAGGC
Spiral,GUAAAGACCUGACAGGUGCUGCGGGGAGGUGAGGGGUGGAGUAGGACCGUCGCGGAAAACGGAGGCCACCCCCCCCACCCCCCGAGCCCUGUCGGUCAGAAA
Shortie 4,GCGAAAGCACCGAAAGG
just down to 1 bulge,AUAAACGCCACCGGGGAGACCCGGAUCGGAAACGAAGGACGAAAACCGCAGCUGAAAGGCAGGGGAAACCCAGCGGAAAAAAAAUAAAAAAAAAAA
Corner bulge training,AGGGGCGCACUGAAACAGUGGACUCGCCCCA
Adenine,GCCUGAGCGCCGAGGGCCCGGGGGUGAGUAGCUAACCCGGUAACACGCCCGUAAAAGGGCGUUCCGGGUAAAUGCGAGCGGCGGGAUGCCCGCCGGCAUUAAGCUACGCGGCCACUGCUCAAGGAGCAGUUAGGGCCGACACCCCAAAAGGGCCCAGAGCGGCGCCAAGCAGGU
InfoRNA bulge test,AGGUAAAAAAAAAAAAAAAAAAAAAAAAAGCCCGAGCAAGGCGGAAUGGCAAAGGGGGGAACCGGGGCCGAAAAGGAUCGCGAGUGACCACCAAGUGACCUAGAACGACCAAAGAAGGAGCA
Still Life (Sunflower in a Vase),UAAGGGGGAGUAGAAAGAAUCUACAACGUCCAAAGGACGGACGGAGGAGAACUCCGAACCUCCAAAGGAGGAAGGCCAAAAAGUGGCUAAUACAUGAAAAAUGUAACGUGGGGCUGGCUGGCGGACCGACAGGGGAAAAACCCUGCCUCGGAAAAAAAAAAAAGGGGGGAAAAAAAUAAGAAAAAAAAAAGAAAAAAAAAAAAAAAAAACCCCAAAAAAAAAGAAGCCGAGUGGGGGAAACCCCAAUCGGUCCGCCAGUUAGCCCCACGGAGGGGUGAAAAACCCCAAGGCCUGAUGAAGGCCAACCGAGGAAAACUCGGGACGGUCGAAAAGACCGAACUCUGGGAACAGAGGCGGGCCGAAAAGGCCCACCCCAAU
U,UGCAACCCGCUGAGACCACGCCUGGGCGCGAAAGCGCCUAGGGGGCCGCGGGAAAAG
Quasispecies 2-2 Loop Challenge,GACGAGGUCCGGUAAUCGCGAAAGCGAGGACCGAGCGGGACAAAGGACUGCGGCACAGGAGCGGGAAAACCGGGCAGGUGCGACCAGAAAAAAAAAAAAAAAAAA
Shortie 6,GGGAAACCAGGGAAACCAGCGAAAGCACCGAAAGG
loops and stems,CGAAACGGGCGGAAACCGGAAACUCCAAAUGGCGAAAAAAAGCCCGUGAAAAAAAAAAAACGGGAAAGCCAAAAAGCAGGAAAAAGGAACUGUAAAGGAGAAAUCGGAAAAAAACGAAAACCGGGACGGAAAAACGAAACCGCCCGAAAAA
Recoil,GGAGAGGCCGGGACGGCCGAGGGAACGCGAGGGGGCAAAGCACCAGCGGCCCGGGAGUACGGCUAUGAAAAAAAAAAAAAAGAAA
Worm 1,UUAAAAACGGGUGGGGGGGGGCGAGACAUGGCGCCGCGCGGGCGG
Runner,GACAAGGCCAGGCCGAAAGACCGAGACGGUAGGCCAAACGCAAGGCUGCAAAGCAUAUGCCGGCAGGAAACCUUAAGCCAGCGGAAGGAAAAGCCGGAAGGCGUCCAGGCCAAGAA
Iron Cross,AGCGACCCACAGCCAGAGAUACUCAGCGGAAACGCAGGCAAAGGCAGGCGAAAGCCAGCGAAACGCAGCCAAAGUCAGCCGAAAGGCACCGAAACGGAGACAAAGGGAGGCAAAGCCACGCAA
[CloudBeta] An Arm and a Leg 1.0,UAAAAGCCAGUGAGGAAACUACACGCGUCCGAAAGGCGCAGGCAAACAAAAAAACGGGAAAGA
Documenting repetitious behavior,CAAAAAAGGGAAGAAAAACUGAUAAAAAGGCUAAAAAACACGGAUAAAAAAUCGAAAUAAAUGCGAAAUAGAGGCGAAAAAAAGGGGAAAAAAAACCAAAAAAAAAUGUAAAAAAAAGGGAAAAAAAAUGGAAAAAAAAGAGAAAAAAAGGCGAAAGAAAGCCGAAAAAAAAGGGAAAAAAAACUGAAAAAAAGGGGAAAAAAAACCAAAAAAAAAAGGAAAAAAAACCGAAAAAAAAGGAAAAAAAAAGCAAAAAGAAAUCGAAAAAAAACACAAAAAAAACCGAAAUGAAUCAGAAAAGAAGGGGAAAAAAAACCAAGAAAAAAGCAAAAAAAAAGCUAAAUAAAAGAGAAAAAAGGCGGAAAAAAAUGCGAAGAAAAAAGGAAAAAAAACCAAAAAU
Water Strider,UAGAAGGUCCGGGCCCCAGCGAAAACGCGGCGAAAGCCGGGAACAAGGGGGGGAAACCCGGGGCAACCCACCCGCAAGGUCCAAAAAAAAAAAAGAAAAAAAA
Tripod5,AACGACCCUAGAAAAUGGGGGAGGAAAACUCCGUCGGA
[CloudBeta] 5 Adjacent Stack Multi-Branch Loop,CCACAGCAGAAAACUGCGGGCGGAAACGCCCGGGCGGAAACGCCCCAGAGAAAUCUGUGUGGA
Flower power,GAAAGCACGGCCCAAAGGGCAGGGCCUCCAAAGGAGAACCGGACACCGGAUGUGCAAAGCAUGCCCAUGGCAUAGCCACGUGGAAAAAAAAAAAAAAAAGGA
Triple Y,UAAACGCAUCCGGGGGGGAUACCCCGUGAGAAAUCACCCGGGGCCGAGCGAGAGCUCUCGGGAAACCGAGGCCAUGCAAGAAAAAAAGAAAAAAUAA
Multiloop‚Ä¶,GGCCAGGGCACCCGAAAGGGACUCGAAAGAGAGGGGAAACCCAUGUGAAAGCAAACUGAAAAGUAGGCGAAAGCCAGCCCAGGGGAGAAAAAUCCCCCCCGAAAGGGGGUC
7 multiloop,CCACGUCAGGAAACUGACGGGCGGGAACGCCCGGGCGGGAACGCCCCAGACAAAAGUCUGGCCGCGAAAGCGGCUUUAGGAAACUAAAGUGG
medallion,GCCCACAGAGCUUGAAAAGGCUCAUCGGAAACGAAGACGGGAGUCACCCGUUGGAAAACGGGACUCGAAAGAGAGGGUCGGAAACGGCCCAGACGAGAGUCAGCCGAAAGGCAUCACGGAAAACCGUGAAUCGGAAACGAAGGACGCGAAAGCGUCCACGUGAAAACGAGGCAAAAGCCAGCGGCCGAAAGGCCGCACAUGAAAAUGAGACCCAGAAAUGGGUCAGUCGAAAGACAGGGGAAACCCAGUCCAGGAAACUGGACAGCGGAAACGCAACCGUGGCAACACGGUACCAGGAAUGGAACUGAAAAGUAGUGCGGGAAACCGCACAGUGGGC
The Turtle(s) Move(s),CGAGCGAAAGCAAGAGCCGUGAGGGAAAAAAAACCUCAUGGCGAAAUGGGGAAAACCCAAAAACGGGGAAACCCAAAGCGGGGAAAAAACCCGCAAAAGCCAACGCGAAAGCAAGAAGCGGAAACGCAAAACCGGGCGAAAAGAGCCCGGAAAAAGAGAAAUCUAAAAACGGCACAAAACCUGAAAAAAAGGAAAGAGAAAAAAAUCUAAAACCGCGAAAAAGCGGUAAACCAGGAAAACUGGACGUGCCGGAAUAAAGAGGGAGACCAAAAAUGGAAACAAAAAAAGGACAGAAAAAGAAAUGUCCACAAAAGGC
Misfolded Aptamer,CCCGAAAAAAGGAGGAUACCUAGCGAAAGCAAAAAAAAACCGUAAGCGGG
Kudzu,GUAAAGGGGGGAGUCCGGCGACCGAGCAAAGCCGAGUGCCCGCGCAAAGCUGCGGAACCCAGGGGGAAGCGGUCGACGCCCAAAAAAAACAAAAAAAAAAA
Kyurem 7,AACAAGGGUCCCCGGGAAACCGGACAAAGGCAGAGCCGAAAAGGCAGGCCGGGAAAAACCGAAAGCCCUGCGUCGGGUACCCAAAAAAAAAAAAAAAAAAAA
JF1,UCUGCCUACCUAAGGCUUAGCGUGAAAACCUCUGAGCAGGGAAAGUCCAGAACGGGCAGUACCCGGGCCCGGGAAACCGGGCCCGGGUACAAGAUGAAAAUCACCCGCCCCCGAAAGGGGGCGGGGCGAGAUGAAAAUCUCAGCCCGUGUGGACGCUCUGGCAGAGGGACGGACGGACGAAAAGUCGCGUCCAAAAGGAGUCGGGUGGGCGCGGCGCUGAAAAGUGCCGCGCCCACACCGACUCCUUAAUCGGUGGUAAAACACCGGGCUUAUACAGAAAUGUAUAAGCCGAAACCAGAAAUGGUAAUACGCGUAGCCUAGGCCGCUCGCCGGAAACGGGAGGGCCAGCACGGUGUGAAAGCGCCUGUGCAAGGUCAGGACAGAAAA
Fractal star x5,AGAAACCGGUAGAACGAUCGAGAGGUCAAACGCGAAAGCGUAACCCCGAAAGGGGGCGGCGGAAACGCCAAUCUACCGGAAAACGCGGCUCCACGACCGAAAGGUCAACCGAGAAAUCGGGACAGGGAAACCUGGAAACCGAAAGGUUAAGGGGCCGCAAAAAGGGGGCCCACGCGGGAAACCGCAACGCCGAAAGGCGAACAGGGAAACCUGAACCGCGAAAGCGGGAGGGCCCCCAAAAACCGUGGGAAAACCGGAAACGGUAAUCCAGAAAUGGAAACGCCGAAAGGCGAAUACCGAAAGGUAAAUCCCACGGAAAAAAGGUGACCAAGCGCGAAAGCGCAAGCCUGAAAAGGCAACUGAGAAAUCAGAAGGUCGAAAGACCACGGUUAUUUAAAAA
Loop next to a Multiloop,UAGCCGUGGUGGAAAAACGGGGGGGGAAACCCCCCAGCCUGGCGAAAGUCAGGCGGGAAAAAAGCCACGGCAA
Bug 18,ACCAGCACCGGCGGGCAAGCAGGAUACCAGGCGGCAGCAAGGAGGCCAAAGGG
Variation of a crop circle,CCAGGCGAAUCCGAAACCGAAAGCGACGGACCAAAGGGACGGAAGGCGAGAAAGGGAAAAAAGGUAAAAAACAGCGAAACAAAAAAAA
Branching Loop,GGGGUGGAAAAAAACGGGCGAAAGCCCAUGCCCGAAAAAA
Pokeball,CAACGCGGCCAGAACCAAAGGGGUGGGCGAACCGACGGGGGAAGCAAGCAAAGCGGCGGCCACGAGGGACGACAUACUGGGGGCCGCGAAAAAAAAACCCUGCUAAGGCGACGGGGCUGAGGGAUGAGGCGGCCGGGCAACGAAACGGGCAAGGAGCGCAGACCAAGCACGAGCGCGGGGUAAA
hard Y,GGUACGGCCCGUCCCCCAUGGAAACAUGGGGUGUGGGCCUGGGGGGAAACCCCCAGGCCGGCCAAACA
Mat - Cuboid,GGACCAAAGGGGAGCGAAACGAGGGAAAAGGACCGGGCAAAUUCUGAGGACCGAAGCGAUGGACUGACAUAAUAGCGGCAACAAACCUAAAGAUGUUGACUAGUUGAUGAGAUGCAGGGAAGGGACCAACCUAAGGGAGUGGAAGGAGGGGACUAAGGAAACGAGACAGGCGGGUGGCAAGCCAAAGGAGGUGACCGGGGUGCCCAGGGGAAAAACCAAGGAAACAACGAGCAAAUCGGAGUGAAACAAGCAGGUACCGCUGUGUAACCAACUCACAGGCUGGGAGGGACCGACCAGGCCACGAAAGAGGAAAAUUCGGGGUGGGGCAACUUGGAAGGACAGAGGGGACUAUGAGCAAGGGACCCAGCGGCGACCGGGAC
Bug 38,GGCACCGGCGAGCGCAAAGGGCAGCAAGGAAAAGCG
Crop circle 2,GGGAAGCGGAACCAAAAAGCACAAAAAAAGGGAAAAAAAAAAAAAAAAAAAAAAAAAAAAACCGAGAAAGAAAAAAAGGCGAAAAAAAGGGGAAAAAAGCGAAACCAAAA
Misfolded Aptamer 6,AAAAUAGCCGAAAAGCCCGGAGGAAGUGGGAAAAGAACCAAGAACGAAAACGGGAAAAAAAGGCAAAAAAAAAAA
Headless Bug on Windshield,CCGGGCGAACUACCAGGAAGGGGGCGUAAAAAGAAAAAAAAACAAAAAAAGCCGCCGAACUGUGUUAAGCGCGAGGCAGCCUAGGAGAAAAAACCGAAAGGGAAAAAAUCAGGAAAAAGGCCAGGAGCGAGAAAGGUCGGCCAAGGUAGUGAGCGGAAAAGAAAAAAAAACGCGGCAAGACCGGGGAGACGAGCAAUCCA
Fractal 3,UAACACCGCAGGCACCGAGAGGGGGAAACCAGCCAGGGAGCGAAAGCCGGAAACGACCCACCCACCGAAAGGGCGAAAGCAGGGAGCCACCGAAAGGGCGAAAGCAGGCAGCGGGAAAA
Shapes and Energy,GAAGAACGGCUCCCGACCCGCGCUUAGGGAAGGGGCGGGAGACGGCCCAAGCAGCGCGGGGGGCUAAAAAGGUGGGAACACUGCGCGGGAGCGGAAAAAAAAAAAAAAAAAAGGA
Hard Y and a bit more,GAAGAGCCCCGUAGUGCCGAAAGGCGUCACGCCCGGAGCAGGGCGAAAGCCCAAGGGACGAAAAAGUCCCAACUGCGGGUGGGGCAAAGAAAAAAAAAAAAAAAA
Snowflake 4,CCCUAAAGGGGAGGUAAGGUAACUGCCGCAAACCCCGCGAAAGCCGGACGGGGAAACCCCAUCGGCAAAGCCGGUCCGAGGAAACUGGGGUAACGGGUGCGAGAGCGACGGGGCGAAACGCCGUAAGCAAAGCUUCCGUCUGGCAACAACCCGGACCCUGGGGAAACCGCCACGCCGAAACGGCAGAGGCAAGGCCUGUGGCUCGGAAGACAGGGACGCGUAAGGAAACUGCCCUGGGAAAAUCCCUCCUGCAAAGCAGAGGGCGCGAAAGCUACGCAAGGGGCCGGAAACGGUGAGGUGCAAAGCACGACAGGAAACCUGCUCACGCAGAAGCGCCCCACGCGGCGCGAAAGCUAUCUGGUGAAAUACC
Snowflake 3,GGCCCGAUAGGAGGGGGGGAAACCCUAGCGCAACCCAGGGCGAAAGCCGCCAGCGAGAGCGUCAAAGACGGGGAACCAGGCGAGGAAACUCAAGGGUACGGGAUGGGGAAACCCGGCAGGGGUACCGAGAAACUCGCGAAAGCAGCCUCAGACAUGAAACCCGAGCACAGGUGGAAACACGGCACAGAAAUGGGCAAAGCCGCGAAAGCAGCCGAGGAAACUCUAGUGCAGGUCAACGGGUAACCGGCCACCGAAAGGGCGAAACGCAGGAGACUAGGCCACGAAAGUGAAGACCAGGAGAAGUCAAAAGACGCCAGCGAAAGCGACAAGGUCGGGAAACCAGGCAGCGGAAGCUCACUCCAGCGCAUUCCGAAAGGACCCGGGGAAACCGCC
Anemone,AAAACGCCGGAAACGGCGUGUCGGGAAACCGACGGUGGAGGAAUCCGCCCCAGCGAAAGCUGGGCCCCUGAAAAGGGGCGCCCCGAAAGGGGCGCGCCCAAAGGCGCGGCGUAGAAAUAUGCCGCGGGCGAAAGCCCGGCCUGAGAAAUCGGGCGGCCCGAAAGGGCCGCGUCCGAAAGGACGCGUGUCGAAAGACACGCUACGGAAACGUAGC
Snowflake Necklace ( or v2.0 ),GCCCCGGUUCGGGGGACACCGAAGGAAAACUAGGCAAAACCAGGGACAACCAGCGAAAAGCACGGAAAACGACGGUGAGGGGAAAACCCAACCCUAUGGAAUACAAUCGAAAAGAAGCAAAAAGCACCGAAAAGGACCGAAAAGGAAGGGUAGGAGAAAAUCCACUCGGGCGGAAAACGAGGGAAAACCAACGAAAAGUAGCGAGUAGCAGCGAAAAGCACCGAGAGGCAAAAAGCCACUAUGAGAGGAAAUCAGGGAAAACCAGCGAAAAGCAAGGAAGACUAGGGAAAACCACAUAGAGUGGAAAACACAGGCCGACGGAAAACGAGCGAAAAGCAGCGAAAAGCACCGAAAAGGAGGGAGAACCACGGCCACCCCCGAACCGGGGU
Kyurem 5,GAUACCCACUCAGCCGAAAGGCGAGAAAAGCGGGGGCUAUGCGGAAAACGCGCCCGCGGAAGAACGCACCGCCUCUGAACGUGGAAAAAAAAAAAAAAAAAAAA
Bullseye,UCCGUCGGAGAAACUCCCAGCCGAAACGGCAACCAGCAACUGGGACACACAAAACCCGUCCGAAGGAUUACGGCGCAGCCGGGGGGCAAAGCCCGGGGAAAGAAAGGGGCACAAAGUGCACACGGACACCGUAACCCCAAAGGGGCCCAUAAAACAGCCUCGCGAAGCGAACUCCCAAAGGGAAGGGGCAAAGCCCGGCAAA
Chicken Tracks,UCUUAAAAGGCGCGGGAGUAAGAGCUCGAGGCAGGAAUGCUAACCUCGAAAGAGGCCGCGCCAACGCGCGCAAGGCGCAAGGGCUAAGCCCAGAGUGAAACGCUGCGGAAAAAAAA
Looking Back Again,UCCGAGCCGUGAUAAACUUUCCCAAAGGGAAAUUCACUAGGGGAUAAUGGAAACCAAUCACGGGCAAACAGUGAAAACUGGAAGGCCCGAACCCAGGGCGAGGGGGCUGAAAUACGGCUAGAGCCGUUAAAAAGGCGCGGCGGGACAAAGUCCCGACCCACAGGGUCGGCCGACCGAGGACAAUGACGAGAGCGCGGAGACGCGAGCAGGAAGGACAGGGACGAAAGUCGAUCGGCCAAUGCCGCCCCCAGCGUCAACCUAAAAAAUGCAGAGUAAAAAAAAGCUAAAAAAGCUCUCUAAAGCAAAGGUCUGUAAAAAAGCGCCGGCGAAAGCCGGCAGGGGGCAAAGCAGCACGAUACGUGCAUCCCGCGAAGACAGGACGCAAAGGA
Multilooping 6,CAUCCCUCCCGCCCCGAAAGGGGCCCCGGGAGACCGGGGGGGUCGCAGCGAGAGCUGCCGCUCGAAAGAGCGGACAGGGAAA
[RNA] Repetitious Sequences 8/10,GCGAAAAGGGGAAAAACCGAAAAAGCCAAAGAAGCGUAAAAGCAAAAAAGGGAAAAACCAAAGAAGGCAAAAAGGCGAAAA
"1,2,3and4bulges",CGAACCCCCAGCCAGGAAACUAGAGGGCAGCCGAAAGGCAGGAGGAAAAAGCGCAGGGCGAAAGCAAACCAGGGGAAACCCAGCAAGCAAAAAAAAAAAAAAAAAAAA
Simple Single Bond,AAAAACCGAAAAAGCCCGAAAAGGGUGAAAAAGAAAAGAAAAAAAAAAAAAAAAA
multilooping fun,GCCAGGACCAGCGAAAGCAGCGAAAGCAGGGACACUACGGGGGC
Chicken feet,UAAACGGACCAGCAAAGCAGGGAAACCAAAGGCCACCACCAGCAAAGCAGGGAAACCAAAGGGGGAAAA
Mat ‚Äì Elements & Sections,AAAAAGGGCGGGUGGGGAGCGCGGCCCGGGCGGGUCGUGGGGGGAACCCGGUCACCCCAUGGGGCAAAAGGGCUCGCAAACGGCCUAAAGGGAAAAAAAAAAAUAA
Campfire,UCUAGCUCAACACGCGAGGAGAUGGGUGAAAAACCCGGGCCUAAAAGGACCCCUCCGCCCGUUGAUCGAGGACCAAAAGGAUCCCGUCGCCCCAGGAGCAGCAAAAGCGCCCCGCCGUCAGGAAACUAGUGAGCGAAGGUGGCACGAGGCGCGUGGGGAGGGUGACGCACCAAAAGGUGGUCCCCGCGCCCGGAAACCGUGGACGCACCCGAGC
Methaqualone C16H14N2O Structural Representation,AUAUAACCCCCAGAGCAGCCACGGGAAACCGAGACACCCGAAAGGGACCCAGACGAAAGUCAGCCGAGGGAAACCUAUCGAAGAAACGAAGGCAGGGAGUCAGGCAGGAAACAGCUCAGCGCAAAGACAGGCGAAGGGAAACCGAAAAAAAGCCAGACGUGGGAAACCAGGCGAAAGCCGUCGAAAGACGUCAGUCAUAGGUCAGGAAACAGCGAGGGAGGCAGGGAGGAGAGCAUAGAAAUGAUCCAGCUGAUAAGCACCCACCCGAAAGGGAGCCAGGGAAAACCCACCCACCGGGAGAAAUCCGCCAAAAGGUAUACAAAAGUACGGACGCAGACCAACGCGCAGGGGAAGAAAA
Spiral of 5‚Äôs,GAAAUACGCCGAAGCGCGGGGGCUGGAAAGAGCGGGAAGCUGCGAACGUGUGACGGGCGAAAGAGCAAAGGAGCGGAGCUGAGGACGCACAAGUGCUCAAACGCGCAAGUCCCGAAUCCCCAAGUCCCAGGCGACGUGGUCGGGGUCGCUUCGACGAGUGCCGGGUGAAAAACCCGCAAAAGCACUAAAAAGUCGAUAGAUGCGACAAAAACGACCUAAAAGUCGCAAAAGGGGACGAAAGGGGGAGAAAGGGGACGAGAGGCGCGGAAAGGAGCAAAAAGGUGCGCAAAAUUCAGAAGAACGCUCAAAAGUGCUCGAAAAGCCCGAAAAAGCACGGAAAAGCAGCGAUAACCGUUAAAAGCCAGCAAUAACGCGCGAAAAGGCGUUAAGCGAAAA
Zigzag Semicircle,GAACGGGCCCUCCAUGGAAACGGCGACGUGGCCCAAAG
Cat‚Äôs Toy 2,CCACGCGUCGAGUAAAGGGAGGAAAAAGAAAAAAAAAAAACAAGGCGAAGCAAAAGCAAAGGGAAACCAAAAAAAGGCCAAAAAAACCCUCGACGCAAAA
Thunderbolt,GCGGGAGUCAAAAAAACGGGGGGGCGCAUGAAGGAAACAGGCUCGCUAUAAAAAAAGCGGAAAGCGGCGAAAAGCCGAAAAAGGCAAACCAACUAAAAAACGGACAGAAAAGGACACGGAGCCAGAGAGCGAAAGCAGGCGGAAAAGGUGAAAUCAACGGCAAAGGCGGGGUUAAGACCGUUGGGAGGGAAAAAGCAACGCGAAACGGGGGGAAAGAAACGAACCAGAAAAAGAACGCCAAAAAGUGGAGACACUCCACCGGAGCCAAACAAAAAAAAGGGGGAAAAAUAAAGGACCGGGAAACCGAGGGGUAAAGGGGGAAAAACAAAAUCCCCUCAAGGGACAAAGGCGAGCCAGGAAAAAGGGCAACCGCAAAAAGGAAAAAACAGACUCGAGCA
Mutated Chicken feet,GAUAUAAGCACCAGGGAAACCAGCAAAGCAAAGGGCAGGACCAGGGAAACCAGCAAAGCAAAGGCCACCACCACCGAAAGGAGCAAAGCAAAGGGGGAAAAAA
Cesspool,GCAACAAGCAAAAGCAACGCAGAACAGGCAAAGCCAGGGGCGGGCGAAGGGGGAAACAACAGGACAAAAGGACAAAAACCGAAAGGCAGGGGCAAGCGACAAGGGAAACCAAUACAGGACGGGCGAAGCCAAGGACAGGUAAACGACGAGAGGAGAGGACGGAAGGACAAAAAGCGAAAGCACGGAGCAAGGGACAAGCGAAAGCAAGUAGGGACGGCCAAAGGCAAGGACAAUACAAGGGCGAAAGAACAGGACGAAAGGACAAAAAGGGAAACCAAGGACCAACGGACAAGCGAAAGCAGGAGGGGGCAACGAAACGUAGGAACAACUCAAGGGGGAAACGACAGGACGAAAGGACAAAAAGGGAAACCACGGACG
Hoglafractal,GAGCCAGCUAGGGAAUCUCUCGAAAAAGAGAGCCUAGGCUCAAAGCGGGAAAACUGCGAGCGGGUACCCGAAAGGGCCCAGGCAAGCCGUUAAAGAGGAAAAACUCUACGGGCGGAAUGGAAAACAUCGCGGAGGGAGACCCCACGGCAAAACUUAAUGAGCAAAAUCAAGGGGACCGAAAAGGCCGCGGAAACGCACCGUCAAAAAGCACCGAGAAAGGGCCGGGAAAACCGCCGAAAGGACCUACGAAACGGGUGGAAUAACACGGAAAAACCUAAGGCGGGCAAAGCCCGCCAAAAACACGUAGGGAAGAAGACGGGAGAAGCCGGAAAGCCAAAGGUGACAAACGUGAGGGCAAAUGCGAAAGCGCGAAAGCGUCCGCAGAGCGGACAGCCCCAGG