Puzzle Name	Secondary Structure	Solution
Misfolded Aptamer 6	......(((......((((..(....(((........)))....).....)))).......)))...........	CGAAAAUGGAAAAAACCCCAAGGAAAGUGGGAAAAAACACGAAACGAGGAGGGGGAAAAAGCCAAAAAAAAAAAA
Anemone	...((((((....))))))(((((....)))))((((((....))))))(((((....)))))((((((....))))))(((((....)))))(((((....)))))((((((....)))))).(((((....)))))((((((....))))))(((((....)))))((((((....))))))(((((....)))))((((((....))))))	AAAACAUCGGAAACGAUGUGUCACGAAAGUGACGUAGACGAAAGUCUAUCCCUCGAGAGAGGGGAUUGGGAAACCAGUCGAGCGGAAACGCUUGUAUGGAAACGUGCCGCUCGGAAACGGGCGGAGGUCGAAAGACCUGUGCUAGAAAUGGUACGCGGUGAAAGCCGCGCUUGGGAAACCGAGCGGGGCGAAAGCCCCGCCAUGGAAACGUGGC
Hard Y and a bit more	.....(((((((.(((((....)))).)))(((((.((..((((....))))..(((((......)))))..)).))))))))))....................	AAUAAUGAGCUGCGUCACGGAAGUGGUCCAGACCCGUCAAGCGGGAAACCGCAAGAGAAGAAAAAUUCUCAAGAGGGGUCGCUCAAAAAAAAAAAAAAAAAAAAA
The Turtle(s) Move(s)	...((....))....(((((((((.........)))))))))....((((.....)))).....(((....)))...(((((.......)))))....(((...((....)).....(((....)))....((((((.......))))))....(((....))).....((((((....(((.......)))..(((........)))...(((((......)))))...((((.....))))..)))))).........((....)).....((....))......(((((..........)))))......)))	CAAGGGAAACCAAGAGUGCUGAGGGAAAAAGAACCUUAGCGCAAAACUCUAAAAAAGGGAAAAACUGGAAACAGAAAGGGACGAAAAAAGUCCCGAAACGCAUCGGGGAACCAAAAAGAGAAAACUCAAAAUCGCCGGAAAAAACGGCGAAAUAUAGGAAACUAAUAAACUGCAAAAAAUAGGAAAAAACUAAAGUUGAAAAAAAGACAAACUGCCGAAAAAGGCAGGAACUUUGAAAAAAAGGAUUGCAGAAAAAAGAAAGGAAACUAAAAACGGAAACGGGAAAAGAUGGAAGAAAAUAACCAUCAAAAAAGCG
Kyurem 5	.....((((((((((....)))(((....((((((((...(((.....)))))))(((......))).))))))))))..))))....................	UAAAAGCUCUCUCCCGAAAGGGGUGGAAAAUGCCCGGAAAGCGGAAAACGCCCGGCCGAAAAAACGGAGCAUCACAGAAUGGGCAAAAAAAAAAAAGAAAAUAA
JF1	(((((((((((.(((((..(((((....((((((..(((((...(((((..((((((.((((((((((((((....))))))))))))))..(((....))).(((((((((....)))))))))..(((((....))))).)))))).))))).))))).))))))...((((((((.....))).)))))..((((((((((((((((((((((((....)))))))))))))).))))))))))...(((((......)))))((((((((((....))))))))))...((((....))))..)))))..))))).((((.(((.(((....)))))))))).(((((((((....))))).)))).)))).))).))))...	GGCCGUUGGGGAGUUGGCAUUGGAAAAAGUUUUCGGUACUUGGGCCAGAAGGCCCCCACAGGUUGGCUGGGGGAAACCUCAGCCAAUCUGAAUCCGAAAGGAACCUUUCCCCGAAAGGGGAAAGGGACCCGGGAAACCGGGAGGGGGCGUCUGGAAAGUAAGAAAACAACGCCUACCGGAAAACGGCUAGGCAAAUGUUAGCCUUGGCUGAGCAGCUCGAAAGAGUUGCUCGGCCAUAGGCUGACAUAAGCGAUGGAACAACAUUGAAAAUAAACCGAAAGGUUUAUUUUGAACCGGGAAACCGGGAUCCAAGAUCGGCAGCAGAUGUAGAAGAAAUUCACACUGCACGGAUGACCGAAAGGUCAUUCCGACCCUAAACGGGCCAAA
Still Life (Sunflower In A Vase)	...((((..(((((.....)))))..(((((...)))))..(((((.....)))))..(((((...)))))..(((((.....)))))..(((((.....))))).((((((((((((((((((((((((((((......))))).(((((.............((((.........................................)))).............)))))(((((....))))).)))))))))))))))))))))))..(((((.....)))))..(((((.....)))))..(((((.....)))))..(((((.....)))))..(((((....)))))..(((((.....))))).))))...	GGAGGGCAAACGGCGAAAAGCCGUAACCCGCAAAGCGGGAACGUGGGAAAACCACGAAAUGUGACACACAUAACGAUCGAAAAGGUCGAAGGGGGGAAAACCCUCAUCCCAAGUGCUGUGUAAGGACUACGUGGAAAAAACCACGAGGGGUAAAAAAAAAAAAAUCCCGAAAAAAAAAAAAGGACAAAAAAGAAAAAAAAGAAAAAAAAGGGAGAAAAAAAAAAAGACCUCACCGGGAGACCGGUUUAGUCCUUACACAGUAUUUGGGAAAGGUAUGAAAAAUACCAACUUGCGAAAAGCAGGGACCCUUGAAAAAAGGGACGGCUGGAAAAUAGCCAAAACGGGGAACCGUUAACCGCAGGAAAUGCGGAGCCCAAA
Runner	.....((((.((((.....((((...)))).))))...(((..((((((...)))...)))((((((...)))...))).)))...(((...(((....))).))).)))).....	GAAAAUCCCAAGUCGAAAAUGGCAAGGCCAGGACUAAUGCGAAGGGACGAAACGUAAGCCCCCCCAGAAACUGCAAGGGACGCCAAUCAUAUAGUGAAAACUUUGAAGGGAAAAAA
Iron Cross	.(((.(((...(((.(((...))).(((....))).)))...(((.(((....))).(((...))).)))...(((.(((....))).(((...))).)))...))).(((...))).)))..	CCGGAGACAAGCCCAGCCAAAGGCAGGUGAAAACCAGGGAAACGGACGAGAGAUCGAUGCAAAGCAACCGAAAGGCAACGGAAACGUACGCAAAGCGAGCCAAAGUCAGGAAAAUCCACCGAA
This is ACTUALLY Small And Easy 6	................................................................................................................................................................................................................................................................................................................................................................................................................	CAAAAAAAAAAAAAAAAACAAAAAAAAAAAAGGAAAAAAAAAAAAAAAAAAAAAAAAAAAGAAAAAAAAAAAAAAAAAAAAAAAAAAAAAAAAAAAAAAAAAAAAAAAAAAAAAAAAAAAAAAAAAAAAAAAAAAAAAAAAAAAAAAAAAAAAAGAAAAAAAAAAAAAAAAAAAGAGAAAAAAAAAAAAAAGAGAGAAAAAAAAAAAAAAAAAAAAAAAAAAAAAAAAAAAAAAAAAAAAGAAUAAAAAGAAAAAAAAAAAAGAAAACAAAAAAAAAAAAAAAAAUAAAAAAAAGAAAAAAAAAAAAAAAAGAAAGAAAAAAACAAAAAAAGAAAAAAGAAAAAAAAGAAAAAAAAAAAAAAAAAAAAAAAAAAAAAAAAAAAAAAAAAAAAAAAAAAAA
Headless Bug on Windshield	.((.((.....(((((...((.(((.........................))).))...))).))...)).)).(((..(((..((.......((....)).......)))))......))).(((((.......(((..((..(((..((.(((...............)))..))..)))..)).)))..))..))).	ACUGUCAAAAAGCUCCUAUGAGAGCGAAAAAAAAAAAAAAAAAAAAAAAAGCUGUCUAUGGAUGCGAGGAGGGAGGGAGGACAACUGAAAAAGCCGCGAGGAAAAGAAAGGUCAAAAAGCCCAGGACCGAAAAAAUGGAAGUGAGAUGGAAGGCAGAAAAAAAAAAAAAAUGCAAUUAAAUUGAGCGCCGGAGGAAUCCG
Branching Loop	.(((((........)((((....))))..)))).......	UGCAUGGAAAAGAACGCCGGAAACGGCAUGUGCGUAAAAA
Fractal 2	.....((((((((...((((((((((..((((..........))))..((((..........))))..((((..........))))..))))))))))...((((((((((..((((..........))))..((((..........))))..((((..........))))..))))))))))...((((((((((..((((..........))))..((((..........))))..((((..........))))..))))))))))...)))))))).....	AAAAAGCGCGAAGAAAAGCGCGGCGGAAACCAGGAAAAAAAAUGGUAAUGCGGAAAAAAAAACGCAAAAUAGGAAAAAAAAACUAUAACCGCCGCGUUAACGUUGAGGGCAAAGCCCGAGAAAAAAAGGGCAACCUAGAGAAAAAAAUAGGAACAUGGCAAAAGAAACAUGAAUGCCUUCGACAAAACGACCGAUCAACGGGGAAACGAAAACCCGAACGCCGAAAAAAAAAGGCGAAAGCUGAGAAAAAAAAGCUAAGAUCGGUCGUAACCUUCGCGCAAAAA
The Gammaretrovirus Signal - Difficulty Level 0	..(.(..((((((....))))))..).)......((((..(((.(((((((((....)))))....)))))))))))..((((((((....))))))))..	CAUGGGGUCGGACGAAAGUUCGGAACGAAAACAAAUCGAAUCAUACGCACCCUGAAAAGGGUAAACGCGUUGGCGAUAGUCGGGGUAGGAAUAUCCCGAAA
medallion	((((((.((((((....)))))).(((....))).(((....))).((((((....)))))).(((....))).((((((....)))))).(((....))).(((....))).((((((....)))))).(((....))).((((((....)))))).(((....))).(((....))).((((((....)))))).(((....))).((((((....)))))).(((....))).(((....))).((((((....)))))).(((....))).((((((....)))))).(((....))).(((....))).((((((....)))))).))))))	ACCAGUAUACCACGAAAGUGGUAAUUGGAAACGAAGCCGAGAGGCAGGGCCGAAAACGGCCUACUGGAAAUAGACCCGAUGAAAAUUGGGAACGGAAACGUAGUAGAAAUACAAUUGAUGAAAAUCAGUACGCAAAAGUGACAUGCUGGAAAGCGUGACCCGAAAGGGAAUGGAAACGUACCCGGCGAAAGCCGGGACCAGCAAUGGAGACGGUAAAAACCGUCAUCGGAAACGAAGCCGAAAGGCAAACGCCGAAAGGCGUUACCGGAAACGGAUGACCCAAAAGGGUCAAUAGGAAACUAACGUAAAAACGACCCGCAGAAAUGCGGGAACUGGU
The Minitsry	(((.....(((.....(((.....(((.....(((........))).))).))).))).)))	CGGGAAAAAGCGAAAACAGAAAAAUGGGAAAACUGGAAAAAUACAGACCAACUGAGCUACCG
Shortie 6	((....)).((....)).((....)).((....))	CGGAAACGAGCGAAAGCAGCAGAAGCAGGGAAACC
Flower power	.....((((((((...)))).((((((((...))))..((((...))))..((((...)))))))).((((...))))))))....................	GACAACUUCCAGGAAACCUGACGGGGCGCAAAGCGCUAUCGGACACCGAAUUCCCAAAGGGACCCGAGCCCAAAGGGCGAAGAAAAAAAAAAAAAAAAAAAA
Loop next to a Multiloop	..((((((((.......(.((((((....)))))).(((((((....))))))).).......))))))))..	GAUGCAACUUGAGGAAACGUGUCCGGAAAUGGACAGUUAGUCGGGAAUGAUUAGGGGAAAAAAGAGUUGUAAA
The Sun	(((.(((((((...))))..))))))...(((.(((((((...))))..))))))...(((.(((((((...))))..))))))...(((.(((((((...))))..))))))...(((.(((((((...))))..))))))...(((.(((((((...))))..))))))...(((.(((((((...))))..))))))...(((.(((((((...))))..))))))...(((.(((((((...))))..))))))	GAGACGGAUGCAAAGCAUGACCGCUCAAACCCGCCCCAACAUAGUUGAAGGGGGGAAAGCGUCUCACCCAAAGGGUUCGAGCGCAAACUCAGCGUGUUAAAAACAUCCGCGAGAAACCGUAGGGGGCAAAGCCCAGCCUCGGAAAAUCACAUGCACAAAGUGCCGAUGGAUAACGGGACGUUUCGAAACGAAUUACGCCCAAAAAGUCGUACAUAAAAUGUUAACGCUUCAAGGGAUUCUCUGAAACAGAAUGAGCCC
Chicken Tracks	........(((((((((((....))))..((((....))))..((((....)))))))))))..(((((((...))))..((((...))))..((((...))))))).........	CUAAAAAAUGUACAUACCCAAAAGGGUUAAGGGGAAACCCUAGCACGGAAAUGUGAUGUACAAAGGGCGCGAAACGCGGAGCAUGAAAUGUAUUGGCAAAGCCACCCAAAAAAAAA
loops and stems	.....(((((((...((((...((((...((((.........(((((............)))))...))))....((((..........))))...))))...(((........)))...))))..((......))...))))))).....	UAAAACUGCCCGAGAUGUGAAACGGGACACGCCGAAAAAAAGCCUGAGAAAAGAAAAAAUCGGGGAAGGUGGAAAGGCCGAAAAAAAAAGGCCAAACCCGAAACUUGAAAAAAAAAGAAACACAACGCGAAAAAGCAAACGGGCAGAAAAG
Fractal star x5	.....((((((((..((((....))))..((((....))))..((((....))))..((((....))))..)))))))).....((((((((..((((....))))..((((....))))..((((....))))..((((....))))..)))))))).....((((((((..((((....))))..((((....))))..((((....))))..((((....))))..)))))))).....((((((((..((((....))))..((((....))))..((((....))))..((((....))))..)))))))).....((((((((..((((....))))..((((....))))..((((....))))..((((....))))..)))))))).....	CACAGCGAUGACCAAGCAUGAAAGUGCAAUCCGGAAACGGAAAAAUUGAAAAAUUAACACUGAAAAGUGAAGGUCAUCGAAAAAGCGCUGAAAACCCUGAAAAGGGAACAGCGAAAGCUGGAGAAGGAUAUUUCAACCGCGAAAGCGGGAUUCAGCGCAAAUAACGUCCCAACGGAUGAAAAUCCAACCUCGAAAGAGGGAUCGAGAAAUUGAAACGCAGAAAUGCGAAUGGGACGUAAAAAUGAAUUGUAAUGUCGAAAGAUAAAAGUCGAAAGACUAAGCGCGAAAGCGCAACCAGGAAACUGGGAACAAUUCAAAAAAAGCGGCGCAACCGGGAAACCGGAAGCCCGAGAGGGCAACCGAGAAAUUGGGAUGUAGAAAUACAAAGCGCCGCUCAAAA
Spiral	.....((((.((((((.(((.(((((.((((.((((.((.((.((.((.((.((.....)))))))))))))))))))))))))))))))))))))).....	CAAGCAUCGAGCCGGCAGCACUUGGCUACCACGGGCGAGACGAGCAUCGCAUCGGAAAACGUGGAGCCGCUGCCCUGGUGCCAAUGCGCCGGCCGAUAAAAA
InfoRNA test 16	((((((.((((((((....))))).)).).))))))	CAGGCCGCCCCGAGCGAAAGCUCGAGGUGGGGCCUG
Looking Back Again	(((..(((((((.....((((((...)))))).))))..((((((..(((...)))))).(((((...((((....))))....)))))..)))..)))..(((((((.....(((((....)))))......)))((((((((((...)))))(((((...)))))((((((((..(..(..(..(..(..((((....))))..).)..))..).))(((....)))..))))))...))))))))).(((((.((((......(((((((........((((.....))))))))...))).))))((((......((((((((....))))))..(((((...)).(((((...)))))..)))))....)))))))))...)))	UGCAAGCCCGGCCAAAGCCCGAUUUAAUCGGGAGCCGAACCGAGAUUCGCAAAGCGUCUAAAAGUGAUUCCGGAAACGGAUAAGACUUUAACGGAAGGCAACCCCGCUAAAAAGAGCCCAUAGGCUCGAAAAGAGCGCAGCCUGAUAAAAUCAGCACGGAAGCCGUGGCCACGCCGGGGACAUGAGGGACGACACCGUAAGGUGAAGACAGCGGACAGGGUGGAAACACAACGUGGCAACGCUGCGGGGAGCUCCACGCACAAAUACCCCCGGAAAAAAAAGUAAGAAAAUUACCCGGUAAGGGAUGCGGUCAGAAAAAGCGCUAGAGAAAUCUAGCACGGGCCAAAGGAGGUCGUAACGACCAACCCGCGAAGUGACGGAGCAAAGCA
Bullseye	...(((((((...))))..((((...))))..((((...)))))))........(((((((...))))..((((...))))..((((...)))))))........(((((((...))))..((((...))))..((((...)))))))........(((((((...))))..((((...))))..((((...)))))))...	CUAGCACUCCAAAGGAGACGGCGAAACGCCACGCACAAAGUGCUGCAAAAAAAAGGCCUGGAAACCAGAAAAGCAAAGCUUAAGUUAAAAUAACGCCAAAAAAAAGGAGGUGAAACACCAAGUGUAAAACACAUCUCGAAACGAGUCCAAAAAGAACCUGUCGAAACGACUACGGGAUACCCGGACCCGCAACGGGAGGGAA
[CloudBeta] An Arm and a Leg 1.0	.....(((.(((((....)).)))(((.((....))))).)))....................	CGAAACUCAAUGGCGAAAGCACAUGCUCUCGAAAGAAGCAGAGGAAAAAAAAAGGAAACAGAC
stickshift	..((((((((.....)).))))))..	AACGUCUAUCGAAAAGAGUAGACGAA
Shape Test	.....(.((((..(((((........)))))..(((.(((.(((((.....))))).((((....)))).))))))..)))).)....................	UCAAAUGGUCCAAAAAGGGAAAAAAAUCUUUACGGUACGUACCCUUGAAUAAGGGGACAAAGAAAUUUGAACGACCAAGGACGAAAAAAAAAAAAAAAAAGAUA
just down to 1 bulge	.....((((.(((((....))))).(((....))).)).))....((((.(((....))).(((....))).))))....................	CAGAAACCCAUGGCGGAAACGCCAAAACGAAAGUUAGGAGUAAAAGCCAAAUCGAAAGAUAGUCGAAAGACAUGGCAAAAAAACAAAAAAAAAGAA
Arabidopsis Thaliana 6 RNA - Difficulty Level 0	(((((((....(((...........)))((((((((..(((((((((((((((((((...(((((......))))).)))))).)))))))))))))..))))))))..)))))))	GUAAGGGAAAAGCAGAAAAAAAAAAUGCAAAACACGAGGACGGUCGCUCCGUGCGCCGAGGCGGCAAAAAAGCCGCAGGCGCAUCGGAGCGACCGUCAGCGUGUUUUUACCUUUGC
Six legd Turtle	.....((....((....))....((....))....((....))....((....))....((....))....((....))....))....................	AAAGCGCAAAAUCGAUAGAAAAAACGAAAGUAAACGCGAAAGCAAAACGGAAACGGAAAGGGAAACCAAAACUGAAAAGGAAAGCAAAAUAUAAAAAAGAAAAAA
Fractal 3	.....((((.(((.((....))((....)).))).(((.((....))((....)).))).(((.((....))((....)).))).(((.((....))((....)).))).)))).....	UAGGACGGGAGCCACCGAAAGGACGAAAGUAGGCAGGGAGGGAAACCCGGAAACGACCCAGACACCGAGAGGGAGAAAUCAGUCAGGCAGCAAGAGCGGAAAACCAGCCACCCGAAAAA
Recoil	.....(((((..((..((..(((..(((..((..((...)).)).))).))).)).)).))))).....................	CAAAAACUCCGACAGAGUAAGGGGGGACGAUCAAGCAAAGCGGAGGUCACCCGACAUGAGGAGUAAGAGAAAAAAAAAAAAAAAA
Prion Pseudoknot - Difficulty Level 0	((((((.((((....))))))).)))..........	UCCGUGAUGCGGAGACGCACACAGGAAAAUAAAAAA
Short String 4	......((.((..((..(...(.((.((....))))..)...(.((..((....))..))..)...).))..)))).....................	GGAAGAGUAGGGGGUGACAGAGAGGAUGGAAACACUGACAAAGAGAGGGCGAAAGCAAUUGACAAAGAGCAACCACAAGAAAAAAAAAAAAAAAAAA
Bug 38	.((.((.((..((.(...).)).))..))....)).	CGGAUCGGGAAGUGCAAAGGACGCCAAGACAAGCCA
Six legd turtle 2	.....((...((....))...((....))...((....))...((....))...((....))...((....))...))....................	CGAAUGGGAAGGGAAACCAAAACGAAAGUAAACAGAAAUGGAACCAAAAGGAAAGCAGAAGCAAAGCGAAAGUAAACCGAAAAAAAAAAAAAAAAAAA
Kyurem 7	.....((((((((((....)))(((....((((.(((.....))).((((((......)))...))))))))))))).))))....................	UCAAACGGACCGAGGGAAACCUGCGAAAAUAGGAAACGAAAAGUUAGCCUACGAAAAAGUAUAUGGCCCUACGCCGGCUCCGGAAAAAAAAAAAAAAAAAAA
Documenting repetitious behavior	.......((.........((.........((.........((.........((.........((.........((.........((.........((.........((.........((.........((.........((.........((.........((.........((.........((.........((.........)).........)).........)).........)).........)).........)).........)).........)).........)).........)).........)).........)).........)).........)).........)).........)).........)).........))......	ACAAAAACCGAGAAAAAACCUAAAAGAAGCGGAAAGAAAAGCUAAAAAAAGAGGAAGAAAAACAGAAAAAAAGGCGACAGAAAAUGAAAAAAAAGCAAAAAAAAAGUAAAAAAAAAGGUGAAAAUAAGUGGAGAAAUAGGGGAAAAUAAGUUGAAGAAAAGCGAGAAAAAAGCCAAAAAAAAGCAGAAAAACAAAGGAAAAAAAACUGAAGAAAAAUGAAAAAAAGGGGAACAAAAAGCGAAAAAAAAAGAAAAAAAAAACCAAAAUAAAACAAAAAAAAAAACAAAAAACAGUAGAAAAGGAGUGGAAAAAAAGCAGAAAAGAAAGCAAAAAAACAUGGAAAAAAAACUAAAAAAAAUGCGAAAAAAAACGAAAAAAAAUGGAAAAAAAAAGGGAAAAA
Multiloop...	((((.((((.(((....))).(((....))).(((....))).(((....))).(((....))).(((....))).)))).(((((......)))))(((....)))))))	UGGCACCGUAGCGGAAACGCAGCUGAAAAGCAUCCGAAAGGAAAGGGAAACCUACGGGAAACCGAUCGGCAACGAAACGGAGGCGGGAAAAACCGCCCUCGAAAGAGGCCA
Kudzu	.....(((.(..(.(((((.((((.((...)))).))))((((((...)).))))..(((...)))...))).)..).)))....................	ACUAAGGCGGGGGGCCUGUACCUGACCAAAGGCAUGGACGCACCCAAAGGCGUGCUAGGGACACCCAAAAGGGCAACGGCUAAAAAAAAAAAAAAAAAAAA
hard Y	.....((((((.((((((((....))))))).)))((((((((((....)))))))))))))).....	AAAAAGCUUCGUCCCGUCGGGAAACCGACGGCGUGAAGCGCAGCGGAAACGCUGCGCUUAAGCAACAU
Snowflake Necklace ( or v2.0 )	(((((((((((((((.(((((.((.....)).((.....)).((.....)).((.....)).((.....)).))))).(((.....))).(((((.((.....)).((.....)).((.....)).((.....)).((.....)).))))).(((.....))).(((((.((.....)).((.....)).((.....)).((.....)).((.....)).))))).(((.....))).(((((.((.....)).((.....)).((.....)).((.....)).((.....)).))))).(((.....))).(((((.((.....)).((.....)).((.....)).((.....)).((.....)).))))).)))))))))))))))	GACACUCGCCGGGGGAAGGACACGGUCAACGAGGAAAAGCCAGCGAAAAGCACCAAAAAGGAGGGAAAACCAGUCCUACCGGGAAACGGAGCCCGACGGAAAACGACGGAAAACGAACGAUAAGUAUGGAAAACAAGCGAAAAGCACGGGUAGGUAAGAAACCAUAGCGAGAGAAAAUCACCGAAAAGGACGGAAAACGACGGAAAACGAUGGAAAACAACGCUAACCGGUAAACGGAGGCCGAGAGAAAAUCACCGAAAAGGAGGGACAACCAGCGAAAAGCAGCGAAAAGCACGGCUAGACAAGAAGUCAGCGCUAGCGAAAAGUAGCGAAAAGCACCGAAAAGGAGAGAAAAUCAAGGAAAACUAAGCGCGCCCCCGGUGAGUGUU
Human Integrated Adenovirus - Difficulty Level 0	((((((((((((((.((((((...........((((((((((((.....((((((((....(((((((((((((........))))))))))....))))))))....))))))....)))))...((((((.......))))))))))............)))))).))))....))))))...))))...	GCGCGCUGAGAGCUGCGCCGAGAAAAAAGAAGUGCAGGUGGGCCUAAAAGGGGUAUCAAAAGCCUACGGCUUCUGAAAAAAAAGAAGCCGUAAAAUGGCGGUACUAAACCCGGCGAAACCACCGAUGGCCAUGAAAAAAAUGGCCUGCGAAAAAAAAAAAAUUGGCGGAGCUAAAAUUCGGCUAAGCGUAAA
Snowflake 4	((((...))))(((((((....))(((((..(((((((....))(((((((((...))))..((((...)))))))))((....)))))))..(((((((....))(((((((((...))))..((((...)))))))))((....)))))))..(((((((....))(((((((((...))))..((((...)))))))))((....)))))))..(((((((....))(((((((((...))))..((((...)))))))))((....)))))))..(((((((....))(((((((((...))))..((((...)))))))))((....)))))))..)))))((....)))))))((((...))))	CUCGAAACGAGCGAUCCCGAAAGGGUGAGACGAGAAAGGAAACUGAGGCCUGCAAAGUAGAGGCCCAAAGGGCGCCUCGCGAAAGCUUCUCAACGCGUGGAAAACCGGUGGGGCGAAACGCCAAGCAUGAAAUGCCCACCCCGAAAGGACGCGGAGGUCCCCGAAAGGUGGUGGAAGGAACUUCAACGGCAAAGCCGCGCCAGGGAAACCGGACCAACCAGACGGAAACGGCGAGGGUGAAACACCAGUUACAAAGUAACUCGCGCAAAAGCUUUGGGAACCGACGGAAACGGCCCUCCAUGAAGUGGUGUGUCAAAGACAAGGGCGCAAAAGCUCGGUAACUCACGGAAAACCGAUCGGAGGAAACCUC
G-C Placement	((((...)))).	GCGGACACUGCA
square	((((((((((((((((((((((((((...))))))....)))))))....))))))....)))))))	CGGGCCUGGGCGGCUAGAUGGUGCGGAAACCGCACGAAGCAUCUAGAAACCCGCUCCAAUAGGCUCG
Misfolded Aptamer	((((......(((((...))).((....)).........)).....))))	GCCAUAAAAACAGCUUAAAGCAGCGAAAGCAAAAAAAAUUGGGAAUUGGC
Saccharomyces Cerevisiae - Difficulty Level 0	(((((((((((........)))).((...............))....(((((.......))))))))))))....(((((((..((((........))))(((.............)))....(((((.......))))))))))))....(((((((..((((........))))((((((.......))))))....(((((.......))))))))))))....(((((((..((((........))))((((((.......))))))....(((((.......))))))))))))....(((((((..((((........))))((((((.......))))))....(((((.......))))))))))))....	GAGACGAUCUUGAAAGAAAAAGAACCGAAAAAAAAAAAAAAGGGAAUGAGCCGAAAAAAGGCUCUCGUCUCGAAUCGCCUAUCGGCCCGAAAAAAAGGGCGUGGAAAAAAAAAAAACACAAAAACUCAGAAAGAAUGAGUAUGGGCGGAAACGAAACCAAACGUGAAAGAAAACGUGGGAGCGAAAAAAGCUCCCCAAAUGGCGGAAAACAUGCCAGGUUUCGGACCGGCUCCCAUAAUGGAAAAAAACGUUCAGACUGAAAAAAGGUCUGUAAGUGGGCGAAAAAAGUUCGGGGAGCCAAAAAUGUGGCCGCUCGGAAAAAAACGAGGGGCCUGAAAAAAGGGCCCGAAAUCUCCGAGGCAAGGGGAGCCACAUAAAA
Crop circle 2	((...((....((.....((.........((..............................))...............)).........)).......))....))....	GCGAACCGAAACCAAAAACCAAAAAAAAGGCGAAAAAAAAAAAAGAAAAAAAAAAAAAAAAGCAAAAAAAAAAAAAAGGGGAAAAAAAGGGGAAAAGAGGAAAGGCAAAA
Frog Foot	..........((((....))))((((....))))((((...))))	UUACAAAAAACCGGGAGACCGGCCUGGAAACAGGCUGCAAAGCAG
Tilted Russian Cross	.....((((((((....))))((((.((((....))))(((((....))))).((((....))))))))((((....))))))))....................	AAAAAGCGCGAGCGAAAGCUCGUCGAGUGCGAAAGCACCACCUGAAAAGGUGAGUUAGAAAUAACCGACCCCGGAAACGGGGCGCAAAAAUAAAAAAAGAAAAAA
Water Strider	.....((.((..(((((.(((....)))(((....)))))).....((((((....)))(((....))).)))))..)).)).....................	CAGAAUAGGCAGCCGACAACGGGAACGUGCCGAAAGGCGUCACAAGCCGGGCAAAAGCCGACGAAAGUCACGGGGAGGCGUAAAAAAAAAAAAAAAACAAAAA
Shapes and Energy	......(.((((.((((....(...((((.(....).))))...)))))..((......((((....)))))).)))).).....................	CAAGAACGCUGUAGGCUAAAAGGAGGCUCGGGAAACGGAGCGAACAGCCAGGCUAAAAAGAGGGAAACCUUGCGACAGGGACAAAAAAAAGAAAAAAAAAA
7 multiloop	(((((((((....)))))(((((....)))))(((((....)))))(((((....)))))(((((....)))))(((((....)))))))))	CCGCCGCUCAAAGGAGCGCCCGCAGAAGCGGGGUUUUGAAAGAAACCUGGGGAAACCCAGCUGCUAAAGGGCAGGCGCGGAAACGCGCGUGG
Bug 18	.((.((.((.((..((..((.((...))..)).)).))..))..))....)).	ACCAACGUCAUCAAGCGGGCGCCAAAGGAAGCAGCGGAAGGAAAGUCAACGGG
Multilooping 6	..(((((((((((((....)))))(((((....))))))))((((((((....)))))(((((....)))))))))))))..	ACGUGCCGCCCGAUGGAGACAUCGGCGCCGAAAGGCGCGGCGGGGUGCUAAAAAGCACAGUAGGAAACUACUCCCGGCACAA
Worm 1	.......(.(.(.(.(.((.((.(....).)).)).).).).).)	CAAAAAACGGGGGCGCGGCGAUGAGAAAUGAUGGCGGGGGCGCGG
Mat - Martian 2	((((....))))...(((((((..(((((((.......))))))))))))))...((((((((......(((((((.(((((((.......))))))))))))))...((((((((((((((.......))))))).)))))))......))))))))...((((((((((((((.......)))))))..)))))))...((((....))))	UGCAGAAAUGCAAAAUAAGCCGAAGUGCAGCGAAAAAAGCUGCGCCGGCUUAAACGCGAUAAUAAGAAAGCCGCCCGAGGGCGCAAAAAAAGCGCCCUGGGCGGCAAACAAACGUACGGCGAGAAAAAAUCGCCGUAACGUUUGGAAAAAGUUAUCGCAACGGCAGUGGGAGUGAGAGAAAAUCACUCCGGCACUGCCAAAGGCCGAAAGGCC
Mat - Cuboid	(..((....((..((....((..((....(..((..((....((..((..((....(..((..((..((....((..((..((..((....((..((..((..((..((....((..((..((..((..((....((..((..((..((..((..((....((..((..((..((..((..((....((..((..((..((..((..((......))..))..))..))..))..))))..))..))..))..))..))))..))..))..))..))..))))..))..))..))..))))..))..))..))..))))..))..))..))))..))..))..)))..))..))))..))..)))..))))..))))..)	CGACCGAAGUGGAGCAAAGCCGGGUAAACGAACGAACUAAAAUGGGGAGGGGAGAACGAUUAACAGAGGAAAGGGGACGAAUGUUUCAAAAGCAACAAGGCAGCUAGCGAAAAUUAAGAAAGGGUGCAGAGUAAUAUAGGUGAGGGUAGAAAGGACAAAACUGGGUAUAUCGUUUUGUGGGGCGAAUCGGACAGAGGGAGAAGGAAGAUAAAAAAAUGGUCGGUCGACCGGUGGACGGCAACAAUAACGGAGUUAAACAUGAACUGGCUUAUCAGACAGAUCUAGGCUACCAGUCGGAACGAGAGAGGCAGUGAAGCGAUUCAGACGGACCCCGAUGGAAAGAGCCAAUCAACGAGGGCGGGCACAAGGGCGACAGGGAG
Adenine	(((((.((((((.((((((.((((((.((((((.((((((....((((((......)))))).)))))).(((((...(((((((...)))))))))))).)))))).((((((((((((...)))))))...))))).))))))....))))))....))))))....)))))	UACAGGGCGCGCUCCACGCGGGAUUUAUGUGGGCUACGGAGCAGCACUGUGAAAAAACAGUGAUCCGUAAUGGGUAAAUGGCUCCAGAGGAGCCAACCCACCUCACAACCGGGGUGGUUCAACGAACCAUUAGCCCGGAGAGUCCAAGAGCGUGGCAAUGUGCGCAAAACUGUA
Snowflake 3	(((((....)).((((((....)))..((((.((((..(((....)))(((.((....))(((...)))((....)).)))(((....)))..)))).((((..(((....)))(((.((....))(((...)))((....)).)))(((....)))..)))).((((..(((....)))(((.((....))(((...)))((....)).)))(((....)))..)))).((((..(((....)))(((.((....))(((...)))((....)).)))(((....)))..)))).((((..(((....)))(((.((....))(((...)))((....)).)))(((....)))..)))).))))..(((....)))))).((....)))))	GAGGGGAAACCAGUCGGAGGAAUCCAAGUACAGCUCAAGUCGAAAGACCCCAGGAAAACCGCCAAAGGCCCGAAAGGAGGGGAGGAAACUCAAGAGCAUGCUAACCGGAAACGGCCCAGGGAAACCCGCUUAGCGCCGAAAGGAGGGGACGAAAGUCAAAGCAACGGGAAUGGAAGACCAGGGAGGGAAACCGUCAUAGACUCGAAAGAACCCCACAAAAGUGUACCCGAGGGCAGGGGGAAACCCGACAGCGAAAGCGCCAAAGGCGGGAAACCAGUCAGCGAAAGCUUCGCCCAGGACAGGACGAAAGUCGGCACCGAGAGGCGGAAACCGAGGAAACUAGCCGCUGAAAAGCAAGUCCAGUACAAACGGCAACGUGACACCGAAAGGCUC
InfoRNA bulge test 9	(((((((.(.(.(.(((((((....)))))))))))))))))	CGCGUGAUGAGACAUGUGUAGGAAACUGCACAGCCUCACGUG
Triple Y	.....((((((((((((....))))((((....))))))))((((((((....))))((((....))))))))))))....................	AAAACGCGCCCGUGCUUGAAAAGGCGAACGAAAGUUCACGGGAUCGGUAGAAAUACCCCUCGAAAGAGGGAUCGCGCAAAAAAAAAAAAAAGAAAAA
[CloudBeta] 5 Adjacent Stack Multi-Branch Loop	(((((((((....))))(((((....)))))(((((....)))))((((....))))))))).	GUCGCCAGUGAAAACUGCAUUGGAAACAAUGACGAGGAAACUCGUCGGCGAAAGCCGGCGGCG
Shortie 4	((....)).((....))	CGGAAACGAGGGAAACC
Variation of a crop circle	....((....((....((....((..((..((...))..))....))......)).......)).........)).............	AAAGGCGAAUCCGAAUCCGAAAGCGAUGGACCAAAGGAACAAAAAGCGAAAAAGGUGAAACAGGUAAAAAAAAGCGACAAAAAAAAAA
U	.....(((((.(.(.((.(.(((((((((....))))))))))))))))))).....	UCAAAGCGCUAGAGUCGACGCCAAGGCGCGAAAGCGCCUUGGGCGCCAGUGCAAAAA
Chalk Outline	.....((((.(((((....)).))).(((.(((....)))))).((((((....)).)))).(((((....))).)))))).......................	GAGAAGGUCAACGGCGACAGCGCGUAAGCGCCCGAAAGGGGCUAGUUCAUGAAAAUAGAGCACGCUUGAAAAAGACGGACUAAAAAAAAAAAGAAGAAAAAAAA
Simple Hairpin	(((((......)))))	CCGUCGAAAAAGACGG
Corner bulge training	.(((((((((((...)))))....)))))).	UUCUUUUCCGAGGAACUUGGUAAAAAAAGAA
Small and Easy 6	(((((.....))..((.........)))))	CGCCGGAAAACGAAGGGAAAAAAAACCGCG
InfoRNA bulge test	.............................((((......((((....((((...((((..((((.((((.....)).)).)).))..)).))...)).)).....)).))......)).)).	GGAAAGGAAAAAAAAAAAAAAAAAAAAAACACGGAAAAGUCCAGAAAUGCGGAGGCGUGGUCGAGCGAGGAGAACUAUGGUUAGAAAACAGCAAAUGUCACAAAAUGAGAAAAAAACGAUGG
snoRNA SNORD64	((((((.....(((....(((...(((((.............)))))....)))..)))..))))))	GGGCUCAAAAAAUUGAAAUCCAAAGCUGCGAAAACAAAAAAAGCGGCGAAGGGAGAAAUGGGAGUCC
Tripod5	..((((((((.....))))((((.....))))))))..	AACGUGGAUCGAAAAGAUCCGGCAAAAAGCUGCACGGA
Fractile	............((....))...((...((....))..((...((....))...))..((....))...))..((....))........................	CAAAGAAACAAGGGGCAACCAACGCAAAGUGAAAACAACAGAGGCGAAAGCAAAUGGACCGAAAGGAAAGCAACGGAGACGAAAAAAAAAAAGAAAAAAAAAAAA
Quasispecies 2-2 Loop Challenge	.....((((((((..((((....))))..)))).((((..(...)..)))).((((..(..(((.....)))..)..))))))))....................	GUAGAUGCGUAGGGGGUUGGAAACAAUAACCUAAAGGGAGGAAACAGCCCUACUCCGGAGAUUUGAAAAAAAGAUAAGGAGCGCAAAAAAAAAAAAAAGAAAAAA
Pokeball	...(((((((....((..((..(((..((..((..((..((..((..((...)).))..)).)).))..)).))).)).)))))))))........(((((((....((..((..(((..((..((..((..((..((..((...)).))..)).)).))..)).))).)).)))))))))...	UAAGCCGAACGAAACAAAGUAAAGGUAGCAGCUGAAGGCCGUGACGAGCAAAGCAGUAUCGACUAAGAAGCCCCUGACGUGGUUUGGCAUGAUAAACCCCAGAAAAUGAGGUCGACCGGAGUAGUCGGGCAAGUAACUAACGAAACGGAGGGAUGGCAGAAGAUACGGGGAAUCUCUGGGGGAA
